Workbook

Sheet Code_book_v3.3
A1: Guidance Document Number | B1: lungns_001 | D1: Year of publication (YYYY) | E1: NA | J1: Link to included public health guidance:
J2: https://docs.google.com/spreadsheets/d/1U6FT22zcSiTIgCpsi59hsJdafV3-jaXUUoqXH4dbE2I/edit?usp=sharing
C3: 1 | F3: 1.X | I3: 1.X.X | L3: 1.X.X.X | O3: 1.X.X.X.X | R3: 1.X.X.X.X.X
A4: Health protective action: wildfire smoke | B4: Indicates whether the document describes one or more individual-level, self-protective health behaviour in the context of wildfire smoke (WFS) | C4: 1 | D4: Yes/No: Describes protective actions | E4: YES | F4: 1.1 | G4: Yes/No: Filter air (specify) | H4: YES | I4: 1.1.1 | J4: Yes/No: Use air cleaner/purifier | K4: YES | L4: 1.1.1.1 | M4: Yes/No: Use HEPA filter | N4: YES
I5: 1.1.2 | J5: Yes/No: Run HVAC/central heating continuously | K5: YES | L5: 1.1.2.1 | M5: Yes/No: Records filter type | N5: NO | O5: 1.1.2.1.1 | P5: STR: Records filter type
I6: 1.1.3 | J6: Yes/No: Filtering air in vehicle (eg, recirculation mode) | K6: YES
F7: 1.2 | G7: Yes/No: Reduce outdoor exercise | H7: YES
F8: 1.3 | G8: Yes/No: Stay indoors | H8: YES | I8: 1.3.1 | J8: Yes/No: Specifies with doors and windows closed | K8: YES
F9: 1.4 | G9: Yes/No: Wear a mask | H9: YES | I9: 1.4.1 | J9: Yes/No: N95 | K9: YES
I10: 1.4.2 | J10: Yes/No: KN95 | K10: NO
I11: 1.4.3 | J11: Yes/No: Respirator | K11: NO
I12: 1.4.4 | J12: Yes/No: Surgical mask | K12: NO
I13: 1.4.5 | J13: Yes/No: AGAINST certain type of mask | K13: NO | L13: 1.4.5.1 | M13: STR: Against certain type of mask
I14: 1.4.6 | J14: Yes/No: FOR OTHER certain type of mask | K14: NO | L14: 1.4.6.1 | M14: STR: FOR OTHER certain type of mask
F15: 1.5 | G15: Yes/No: Check air quality | H15: YES | I15: 1.5.1 | J15: Yes/No: Check outdoor air quality | K15: YES | L15: 1.5.1.1 | M15: Yes/No: Specifies how to check outdoor air quality | N15: YES | O15: 1.5.1.1.1 | P15: Yes/No: Specifies government source for air quality | Q15: YES | R15: 1.5.1.1.1.1 | S15: Yes/No: ECCC/Weather Canada | T15: YES
R16: 1.5.1.1.1.2 | S16: Yes/No: BC Government | T16: NO
R17: 1.5.1.1.1.3 | S17: Yes/No: FireSmoke | T17: NO
O18: 1.5.1.1.2 | P18: Yes/No: Specifies crowdsource/commercial source for air quality | Q18: NO | R18: 1.5.1.1.2.1 | S18: Yes/No: Purple air | T18: NO
R19: 1.5.1.1.2.2 | S19: Yes/No: IQair | T19: NO
L20: 1.5.1.2 | M20: Yes/No: Specifies actions to take based on outdoor air quality | O20: 1.5.1.2.1 | P20: STR: Recommended action based on outdoor air quality
I21: 1.5.2 | J21: Yes/No: Check indoor air quality | K21: NO | L21: 1.5.2.1 | M21: Yes/No: Specifies monitor type | N21: NO | O21: 1.5.2.1.1 | P21: STR: Monitor type
L22: 1.5.2.2 | M22: Yes/No: Specifies action to take based on air monitor results | N22: NO | O22: 1.5.2.2.1 | P22: STR: Recommended action based on air quality
F23: 1.6 | G23: Yes/No: Other specified | H23: YES | I23: 1.6.1 | J23: STR: Other health protective behaviour specified
C25: 2 | F25: 2.X | I25: 2.X.X
A26: Target audience | B26: Indicates whether the document includes an explicit statement of the population group(s) to whom the document is directed | C26: 2 | D26: Yes/No: is an explicit statement of target audience present? | E26: NO | F26: 2.1 | G26: Yes/No: General population | H26: NO
F27: 2.2 | G27: Yes/No: Children/infants | H27: NO
F28: 2.3 | G28: Yes/No: Older populations/elderly | H28: NO
F29: 2.4 | G29: Yes/No: Pregnant populations | H29: NO
F30: 2.5 | G30: Yes/No: Current lung disease | H30: NO
F31: 2.6 | G31: Yes/No: Current other health condition (eg, diabetes) | H31: NO | I31: 2.6.1 | J31: STR: Specify other health condition
F32: 2.7 | G32: Other | H32: NO | I32: 2.7.1 | J32: STR: Specify other
C34: 3 | F34: 3.X | I34: 3.X.X
A35: Guidance goals | B35: Indicates whether the document includes an explicit statement of its goal (i.e., goal of recommendation(s) overall) | C35: 3 | D35: Yes/No: is an explicit statement of guidance goal(s) present? | E35: NO | F35: 3.1 | G35: Yes/No: Protect health (general) | H35: NO
F36: 3.2 | G36: Yes/No: Protect lung health | H36: NO
F37: 3.3 | G37: Yes/No: Protect health (other specific, not lung) | H37: NO | I37: 3.3.1 | J37: STR: Specify protect health (other specific, not lung)
F38: 3.4 | G38: Yes/No: Inform decisions | H38: NO
F39: 3.5 | G39: Yes/No: Other | H39: NO | I39: 3.4.1 | J39: STR: Other guidance goal (specify)
C41: 4 | F41: 4.X | I41: 4.X.X
A42: Author and author statement | B42: Indicates whether the document describes the authors of the guidance at the individual level | C42: 4 | D42: Yes/No: Is/are author(s) described at an individual level? (eg, not at the the organizational level only (e.g., BCCDC) or not at all) | E42: NO | F42: 4.1 | G42: Yes/No: individual authors' names | H42: NO
F43: 4.2 | G43: Yes/No: individuals authors' accreditation | H43: NO
F44: 4.3 | G44: Yes/No: additional information about authors (i.e., position, conflict of interest) | H44: NO | I44: 4.3.1 | J44: STR: Record what additional information is provided: include here whether authors include patients/members of public
C46: 5 | F46: 5.X
A47: Development process | B47: Indicates whether the document describes its development process | C47: 5 | D47: Yes/No: Does the document does describe its development process | E47: NO | F47: 5.1 | G47: STR: Record what information is provided about development process (i.e., end-user engagement)
A49: 6 | F49: 6.X | I49: 6.X.X
A50: Language | B50: Indicates whether document is available in a languages other than English | C50: 6 | D50: Yes/No: Is the document available in language(s) other than English? | E50: NO | F50: 6.1 | G50: Yes/No: French | H50: NO
F51: 6.2 | G51: Yes/No: Chinese | H51: NO
F52: 6.4 | G52: Yes/No: Hindi | H52: NO
F53: 6.5 | G53: Yes/No: Punjabi | H53: NO
F54: 6.6 | G54: Yes/No: Spanish | H54: NO
F55: 6.7 | G55: Yes/No: Other | H55: NO | I55: 6.6.1 | J55: STR: Record other language
C58: 7 | F58: 7.X | I58: 7.X.X
A59: Potential benefits of health protective action | B59: Indicates whether document includes a qualitative description of the potential benefits of one or more health protective actions in the context of WFS | C59: 7 | D59: Yes/No: Are potential benefits described? | E59: NO | F59: 7.1 | G59: Yes/No: potential benefits of HEPA air filter | H59: NO | I59: 7.1.1 | J59: Yes/No: HEPA filter: improves indoor air quality | K59: NO
I60: 7.1.2 | J60: Yes/No: HEPA filter: improves lung health outcomes | K60: NO
I61: 7.1.3 | J61: Yes/No: HEPA filter: improves other health outcomes | K61: NO
I62: 7.1.4 | J62: Yes/No: HEPA filter: other potential benefit | K62: NO
F63: 7.2 | G63: Yes/No: potential benefits of DIY air filter | H63: NO | I63: 7.2.1 | J63: Yes/No: DIY air filter: Improves indoor air quality | K63: NO
I64: 7.2.2 | J64: Yes/No: DIY air filter: Improves lung health outcomes | K64: NO
I65: 7.2.3 | J65: Yes/No: DIY: Improves other health outcomes | K65: NO
I66: 7.2.4 | J66: Yes/No: DIY air filter: Other potential benefits | K66: NO
F67: 7.3 | G67: Yes/No: potential benefits of staying indoors | H67: NO | I67: 7.3.1 | J67: Yes/No: Stay indoors: reduces exposure to WFS | K67: NO
I68: 7.3.2 | J68: Yes/No: Stay indoors: improves lung health outcomes | K68: NO
I69: 7.3.3 | J69: Yes/No: Stay indoors: improves other health outcomes | K69: NO
I70: 7.3.4 | J70: Yes/No: Stay indoors: other potential benefits | K70: NO
F71: 7.4 | G71: Yes/No: potential benefits of reducing outdoor exercise | H71: NO | I71: 7.4.1 | J71: Yes/No: Reduce outdoor exercise: reduces inhalation of WFS | K71: NO
I72: 7.4.2 | J72: Yes/No: Reduce outdoor exercise: improves lung health outcomes | K72: NO
I73: 7.4.3 | J73: Yes/No: Reduce outdoor exercise: improves other health outcomes | K73: NO
I74: 7.4.4 | J74: Yes/No: Reduce outdoor exercise: other potential benefits | K74: NO
F75: 7.5 | G75: Yes/No: potential benefits of wearing a mask | H75: NO | I75: 7.5.1 | J75: Yes/No: Mask: reduces inhalation of WFS | K75: NO
I76: 7.5.2 | J76: Yes/No: Mask: improves lung health outcomes | K76: NO
I77: 7.5.3 | J77: Yes/No: Mask: improves other health outcomes | K77: NO
I78: 7.5.4 | J78: Yes/No: Mask: other potential benefits | K78: NO
F79: 7.6 | G79: Yes/No: potential benefits of another action | H79: NO | I79: 7.6.1 | J79: STR: Specific potential benefits of another action
C81: 8 | F81: 8.X | I81: 8.X.X
A82: Potential burdens of health protective action | B82: Indicates whether document includes a qualitative description of the potential burdens of one or more health protective actions in the context of WFS | C82: 8 | D82: Yes/No: Are burdens of protective actions described? | E82: NO | F82: 8.1 | G82: Yes/No: potential burdens of HEPA air filter | H82: NO | I82: 8.1.1 | J82: Yes/No: HEPA filter: upfront cost (monetary) | K82: NO
I83: 8.1.2 | J83: Yes/No: HEPA filter: maintenance cost (monetary) | K83: NO
I84: 8.1.3 | J84: Yes/No: HEPA filter: inconvenience (e.g., noise, draft, space required, transport of machine) | K84: NO
I85: 8.1.4 | J85: Yes/No: HEPA filter: other potential burdens | K85: NO
F86: 8.2 | G86: Yes/No: potential burdens of DIY air filter | H86: NO | I86: 8.2.1 | J86: Yes/No: DIY air filter: upfront cost | K86: NO
I87: 8.2.2 | J87: Yes/No: DIY air filter: maintenance cost | K87: NO
I88: 8.2.3 | J88: Yes/No: DIY air filter: inconvenience (e.g., noise, draft, space required, transport of machine) | K88: NO
I89: 8.2.4 | J89: Yes/No: DIY air filter: Other potential burdens | K89: NO
F90: 8.3 | G90: Yes/No: potential burdens of staying indoors | H90: NO | I90: 8.3.1 | J90: Yes/No: Stay indoors: negative impact on work | K90: NO
I91: 8.3.2 | J91: Yes/No: Stay indoors: negative impact on well-being | K91: NO
I92: 8.3.3 | J92: Yes/No: Stay indoors: other potential burdens | K92: NO
F93: 8.4 | G93: Yes/No: potential burdens of reducing outdoor exercise | H93: NO | I93: 8.4.1 | J93: Yes/No: Reduce outdoor exercise: negative impact on work | K93: NO
I94: 8.4.2 | J94: Yes/No: Reduce outdoor exercise: negative impact on well-being | K94: NO
I95: 8.4.3 | J95: Yes/No: Reduce outdoor exercise: other potential burdens | K95: NO
F96: 8.5 | G96: Yes/No: potential burdens of wearing a mask | H96: NO | I96: 8.5.1 | J96: Yes/No: Mask: negative impact on work | K96: NO
I97: 8.5.2 | J97: Yes/No: Mask: negative impact on well-being | K97: NO
I98: 8.5.3 | J98: Yes/No: Mask: cost of mask | K98: NO
I99: 8.5.4 | J99: Yes/No: Mask: other potential burdens | K99: NO
F100: 8.6 | G100: Yes/No: potential burdens of another action | H100: NO | I100: 8.6.1 | J100: STR: Specify what other potential burdens are described
C102: 9 | F102: 9.X | I102: 9.X.X | L102: 9.X.X.X
A103: Effect size(s) of health protective action | B103: Indicates whether document includes a quantitative estimate of the benefit(s) of one or more health protective actions in the context of WFS | C103: 9 | D103: Yes/No: Are magnitudes of effect described? | E103: NO | F103: 9.1 | G103: Yes/No: effect size of HEPA air filter | H103: NO | I103: 9.1.1 | J103: Yes/No: HEPA filter: improves indoor air quality by X | K103: NO | L103: 9.1.1.1 | M103: STR: Magnitude of effect
I104: 9.1.2 | J104: Yes/No: HEPA filter: improves lung health outcomes by X | K104: NO
I105: 9.1.3 | J105: Yes/No: HEPA filter: improves other health outcomes by X | K105: NO
I106: 9.1.4 | J106: Yes/No: HEPA filter: other potential benefit X | K106: NO
F107: 9.2 | G107: Yes/No: effect size of DIY air filter | H107: NO | I107: 9.2.1 | J107: Yes/No: DIY air filter: Improves indoor air quality by X | K107: NO | L107: 9.2.1.1 | M107: STR: Magnitude of effect
I108: 9.2.2 | J108: Yes/No: DIY air filter: Improves lung health outcomes by X | K108: NO
I109: 9.2.3 | J109: Yes/No: DIY: Improves other health outcomes by X | K109: NO
...

Sheet Data_extraction_working
A2: doc_id | B2: source_name | C2: include_wfs_health_action | D2: use_air_cleaner | E2: use_HEPA_filter | F2: run_HVAC_continuous | G2: filter_air_vehicle | H2: run_HVAC_filter_specified | I2: run_HVAC_filter_type_txt | J2: reduce_outdoor_exercise | K2: stay_indoors | L2: stay_indoors_doors_windows_closed | M2: wear_mask | N2: wear_mask_N95 | O2: wear_mask_KN95 | P2: wear_mask_respirator | Q2: wear_mask_surgical | R2: wear_mask_against_specified | S2: wear_mask_against_txt | T2: wear_mask_other | U2: wear_mask_other_txt | V2: check_air_quality | W2: check_outdoor_AQ | X2: check_outdoor_AQ_method | Y2: check_outdoor_AQ_govt | Z2: check_outdoor_AQ_govt_ECCC | AA2: check_outdoor_AQ_govt_BC | AB2: check_outdoor_AQ_govt_FireSmoke | AC2: check_outdoor_AQ_crowdsource | AD2: check_outdoor_AQ_PurpleAir | AE2: check_outdoor_AQ_IQair | AF2: outdoor_AQ_action_specified | AG2: outdoor_AQ_action_txt | AH2: monitor_indoor_AQ | AI2: indoor_monitor_type_specified | AJ2: indoor_monitor_type_txt | AK2: indoor_monitor_action_specified | AL2: indoor_monitor_action_txt | AM2: other_health_action | AN2: other_health_action_txt | AO2: target_audience_present | AP2: target_audience_general_pop | AQ2: target_group_children_infants | AR2: target_group_older | AS2: target_group_pregnant | AT2: target_group_pregnant | AU2: target_group_current_lung_disease | AV2: target_group_current_other_health | AW2: target_group_current_other_health_txt | AX2: target_group_current_other | AY2: target_group_current_other_txt | AZ2: guidance_goal_present | BA2: guidance_goal_protect_health_general | BB2: guidance_goal_protect_lung_health | BC2: guidance_goal_protect_health_other | BD2: guidance_goal_protect_health_other_txt | BE2: guidance_goal_informs_decisions | BF2: guidance_goal_other | BG2: guidance_goal_other_txt | BH2: author_individual_level | BI2: author_names_present | BJ2: author_accreditation_present | BK2: author_additional_info_present | BL2: author_additional_info_txt | BM2: dev_process_described | BN2: dev_process_details_txt | BO2: multi_language_available | BP2: language_french | BQ2: language_chinese | BR2: language_hindi | BS2: language_punjabi | BT2: language_spanish | BU2: language_other_specified | BV2: language_other_txt | BW2: benefits_present | BX2: benefits_hepa | BY2: benefits_HEPA_improves_air_quality | BZ2: benefits_HEPA_improves_lung_health | CA2: benefits_HEPA_improves_other_health | CB2: benefits_HEPA_improves_other_non_health | CC2: benefits_DIY | CD2: benefits_DIY_improves_air_quality | CE2: benefits_DIY_improves_lung_health | CF2: benefits_DIY_improves_other_health | CG2: benefits_DIY_improves_other_non_health | CH2: benefits_indoor | CI2: benefits_indoor_improves_air_quality | CJ2: benefits_indoor_improves_lung_health | CK2: benefits_indoor_improves_other_health | CL2: benefits_indoor_improves_other_non_health | CM2: benefits_reduce_outdoor | CN2: benefits_present | CO2: benefits_hepa | CP2: benefits_HEPA_improves_air_quality | CQ2: benefits_HEPA_improves_lung_health | CR2: benefits_HEPA_improves_other_health | CS2: benefits_HEPA_improves_other_non_health | CT2: benefits_DIY | CU2: benefits_DIY_improves_air_quality | CV2: benefits_DIY_improves_lung_health | CW2: benefits_DIY_improves_other_health | CX2: benefits_DIY_improves_other_non_health | CY2: bruden_present | CZ2: burden_hepa | DA2: burden_HEPA_upfront_cost | DB2: burden_HEPA_main_cost | DC2: burden_HEPA_noise | DD2: burden_HEPA_other | DE2: burden_diy | DF2: burden_diy_main_cost | DG2: burden_diy_noise | DH2: burden_diy_other | DI2: burden_indoor | DJ2: burden_indoor_work | DK2: burden_indoor_well_being | DL2: burden_indoor_other | DM2: burden_outdoor | DN2: burden_outdoor_work | DO2: burden_outdoor_well_being | DP2: burden_outdoor_other | DQ2: burden_mask | DR2: burden_mask_work | DS2: burden_mask_well_being | DT2: burden_mask_cost | DU2: burden_mask_other | DV2: burden_other | DW2: burden_other_txt | DX2: effectsize_present | DY2: effectsize_HEPA_present | DZ2: effectsize_HEPA_air_quality | EA2: effectsize_HEPA_lung_health | EB2: effectsize_HEPA_other_health | EC2: effectsize_HEPA_other | ED2: effectsize_HEPA_txt | EE2: effectsize_DIY_present | EF2: effectsize_DIY_air_quality | EG2: effectsize_DIY_lung_health | EH2: effectsize_DIY_other_health | EI2: effectsize_DIY_other | EJ2: effectsize_DIY_txt | EK2: effectsize_stay_indoors_present | EL2: effectsize_stay_indoors_reduce_exposure | EM2: effectsize_stay_indoors_lung_health | EN2: effectsize_stay_indoors_other_health | EO2: effectsize_stay_indoors_other | EP2: effectsize_stay_indoors_txt | EQ2: effectsize_reduce_exercise_present | ER2: effectsize_reduce_exercise_reduce_exposure | ES2: effectsize_reduce_exercise_lung_health | ET2: effectsize_reduce_exercise_other_health | EU2: effectsize_reduce_exercise_other | EV2: effectsize_reduce_exercise_txt | EW2: effectsize_mask_present | EX2: effectsize_mask_reduce_exposure | EY2: effectsize_mask_lung_health | EZ2: effectsize_mask_other_health | FA2: effectsize_mask_other | FB2: effectsize_mask_txt | FC2: effectsize_other_action_present | FD2: effectsize_other_action_txt | FE2: effectsize_burden_present | FF2: effectsize_burden_HEPA_present | FG2: effectsize_burden_HEPA_air_quality | FH2: effectsize_burden_HEPA_lung_health | FI2: effectsize_burden_HEPA_other_health | FJ2: effectsize_burden_HEPA_other | FK2: effectsize_burden_HEPA_txt | FL2: effectsize_burden_DIY_present | FM2: effectsize_burden_DIY_air_quality | FN2: effectsize_burden_DIY_lung_health | FO2: effectsize_burden_DIY_other_health | FP2: effectsize_burden_DIY_other | FQ2: effectsize_burden_DIY_txt | FR2: effectsize_burden_stay_indoors_present | FS2: effectsize_burden_stay_indoors_reduce_exposure | FT2: effectsize_burden_stay_indoors_lung_health | FU2: effectsize_burden_stay_indoors_other_health | FV2: effectsize_burden_stay_indoors_other | FW2: effectsize_burden_stay_indoors_txt | FX2: effectsize_burden_reduce_exercise_present | FY2: effectsize_burden_reduce_exercise_reduce_exposure | FZ2: effectsize_burden_reduce_exercise_lung_health | GA2: effectsize_burden_reduce_exercise_other_health | GB2: effectsize_burden_reduce_exercise_other | GC2: effectsize_burden_reduce_exercise_txt | GD2: effectsize_burden_mask_present | GE2: effectsize_burden_mask_reduce_exposure | GF2: effectsize_burden_mask_lung_health | GG2: effectsize_burden_mask_other_health | GH2: effectsize_burden_mask_other | GI2: effectsize_burden_mask_txt | GJ2: effectsize_burden_other_action_present | GK2: effectsize_burden_other_action_txt | GL2: evidence_quality_present | GM2: evidence_quality_HEPA | GN2: evidence_quality_DIY | GO2: evidence_quality_stay_indoors | GP2: evidence_quality_reduce_exercise | GQ2: evidence_quality_mask | GR2: evidence_quality_other | GS2: evidence_quality_other_action_txt | GT2: references_scientific_publications | GU2: references_scientific_publications_txt
A3: ='Code_book_v3.3'!B1 -> lungns_001 | B3: ='Code_book_v3.3'!E1 -> NA | C3: ='Code_book_v3.3'!E4 -> YES | D3: ='Code_book_v3.3'!K4 -> YES | E3: ='Code_book_v3.3'!N4 -> YES | F3: ='Code_book_v3.3'!K5 -> YES | G3: ='Code_book_v3.3'!K6 -> YES | H3: ='Code_book_v3.3'!N5 -> NO | I3: ='Code_book_v3.3'!Q5 -> 0 | J3: ='Code_book_v3.3'!H7 -> YES | K3: ='Code_book_v3.3'!H8 -> YES | L3: ='Code_book_v3.3'!K8 -> YES | M3: ='Code_book_v3.3'!H9 -> YES | N3: ='Code_book_v3.3'!K9 -> YES | O3: ='Code_book_v3.3'!K10 -> NO | P3: ='Code_book_v3.3'!K11 -> NO | Q3: ='Code_book_v3.3'!K12 -> NO | R3: ='Code_book_v3.3'!K13 -> NO | S3: ='Code_book_v3.3'!N13 -> 0 | T3: ='Code_book_v3.3'!K14 -> NO | U3: ='Code_book_v3.3'!N14 -> 0 | V3: ='Code_book_v3.3'!H15 -> YES | W3: ='Code_book_v3.3'!K15 -> YES | X3: ='Code_book_v3.3'!N15 -> YES | Y3: ='Code_book_v3.3'!Q15 -> YES | Z3: ='Code_book_v3.3'!T15 -> YES | AA3: ='Code_book_v3.3'!T16 -> NO | AB3: ='Code_book_v3.3'!T17 -> NO | AC3: ='Code_book_v3.3'!Q18 -> NO | AD3: ='Code_book_v3.3'!T18 -> NO | AE3: ='Code_book_v3.3'!T19 -> NO | AF3: ='Code_book_v3.3'!N20 -> 0 | AG3: ='Code_book_v3.3'!Q20 -> 0 | AH3: ='Code_book_v3.3'!K21 -> NO | AI3: ='Code_book_v3.3'!N21 -> NO | AJ3: ='Code_book_v3.3'!Q21 -> 0 | AK3: ='Code_book_v3.3'!N22 -> NO | AL3: ='Code_book_v3.3'!Q22 -> 0 | AM3: ='Code_book_v3.3'!H23 -> YES | AN3: ='Code_book_v3.3'!K23 -> 0 | AO3: ='Code_book_v3.3'!E26 -> NO | AP3: ='Code_book_v3.3'!H26 -> NO | AQ3: ='Code_book_v3.3'!H27 -> NO | AR3: ='Code_book_v3.3'!H28 -> NO | AS3: ='Code_book_v3.3'!H29 -> NO | AT3: ='Code_book_v3.3'!H29 -> NO | AU3: ='Code_book_v3.3'!H30 -> NO | AV3: ='Code_book_v3.3'!H31 -> NO | AW3: ='Code_book_v3.3'!K31 -> 0 | AX3: ='Code_book_v3.3'!H32 -> NO | AY3: ='Code_book_v3.3'!K32 -> 0 | AZ3: ='Code_book_v3.3'!E35 -> NO | BA3: ='Code_book_v3.3'!H35 -> NO | BB3: ='Code_book_v3.3'!H36 -> NO | BC3: ='Code_book_v3.3'!H37 -> NO | BD3: ='Code_book_v3.3'!K37 -> 0 | BE3: ='Code_book_v3.3'!H39 -> NO | BF3: ='Code_book_v3.3'!H39 -> NO | BG3: ='Code_book_v3.3'!K39 -> 0 | BH3: ='Code_book_v3.3'!E42 -> NO | BI3: ='Code_book_v3.3'!H42 -> NO | BJ3: ='Code_book_v3.3'!H43 -> NO | BK3: ='Code_book_v3.3'!H44 -> NO | BL3: ='Code_book_v3.3'!K44 -> 0 | BM3: ='Code_book_v3.3'!E47 -> NO | BN3: ='Code_book_v3.3'!H47 -> 0 | BO3: ='Code_book_v3.3'!E50 -> NO | BP3: ='Code_book_v3.3'!H50 -> NO | BQ3: ='Code_book_v3.3'!H51 -> NO | BR3: ='Code_book_v3.3'!H52 -> NO | BS3: ='Code_book_v3.3'!H53 -> NO | BT3: ='Code_book_v3.3'!H54 -> NO | BU3: ='Code_book_v3.3'!H55 -> NO | BV3: ='Code_book_v3.3'!K55 -> 0 | BW3: ='Code_book_v3.3'!E59 -> NO | BX3: ='Code_book_v3.3'!H59 -> NO | BY3: ='Code_book_v3.3'!K59 -> NO | BZ3: ='Code_book_v3.3'!K60 -> NO | CA3: ='Code_book_v3.3'!K61 -> NO | CB3: ='Code_book_v3.3'!K62 -> NO | CC3: ='Code_book_v3.3'!H63 -> NO | CD3: ='Code_book_v3.3'!K63 -> NO | CE3: ='Code_book_v3.3'!K64 -> NO | CF3: ='Code_book_v3.3'!K65 -> NO | CG3: ='Code_book_v3.3'!K66 -> NO | CH3: ='Code_book_v3.3'!H67 -> NO | CI3: ='Code_book_v3.3'!K67 -> NO | CJ3: ='Code_book_v3.3'!K68 -> NO | CK3: ='Code_book_v3.3'!K69 -> NO | CL3: ='Code_book_v3.3'!K70 -> NO | CM3: ='Code_book_v3.3'!H71 -> NO | CN3: ='Code_book_v3.3'!V59 -> 0 | CO3: ='Code_book_v3.3'!Y59 -> 0 | CP3: ='Code_book_v3.3'!AB59 -> 0 | CQ3: ='Code_book_v3.3'!AB60 -> 0 | CR3: ='Code_book_v3.3'!AB61 -> 0 | CS3: ='Code_book_v3.3'!AB62 -> 0 | CT3: ='Code_book_v3.3'!Y63 -> 0 | CU3: ='Code_book_v3.3'!AB63 -> 0 | CV3: ='Code_book_v3.3'!AB64 -> 0 | CW3: ='Code_book_v3.3'!AB65 -> 0 | CX3: ='Code_book_v3.3'!AB66 -> 0 | CY3: ='Code_book_v3.3'!E82 -> NO | CZ3: ='Code_book_v3.3'!H82 -> NO | DA3: ='Code_book_v3.3'!K82 -> NO | DB3: ='Code_book_v3.3'!K83 -> NO | DC3: ='Code_book_v3.3'!K84 -> NO | DD3: ='Code_book_v3.3'!K85 -> NO | DE3: ='Code_book_v3.3'!H86 -> NO | DF3: ='Code_book_v3.3'!K86 -> NO | DG3: ='Code_book_v3.3'!K88 -> NO | DH3: ='Code_book_v3.3'!K89 -> NO | DI3: ='Code_book_v3.3'!H90 -> NO | DJ3: ='Code_book_v3.3'!K90 -> NO | DK3: ='Code_book_v3.3'!K91 -> NO | DL3: ='Code_book_v3.3'!K92 -> NO | DM3: ='Code_book_v3.3'!H93 -> NO | DN3: ='Code_book_v3.3'!K93 -> NO | DO3: ='Code_book_v3.3'!K94 -> NO | DP3: ='Code_book_v3.3'!K95 -> NO | DQ3: ='Code_book_v3.3'!H96 -> NO | DR3: ='Code_book_v3.3'!K96 -> NO | DS3: ='Code_book_v3.3'!K97 -> NO | DT3: ='Code_book_v3.3'!K98 -> NO | DU3: ='Code_book_v3.3'!K99 -> NO | DV3: ='Code_book_v3.3'!H100 -> NO | DW3: ='Code_book_v3.3'!K100 -> 0 | DX3: ='Code_book_v3.3'!E103 -> NO | DY3: ='Code_book_v3.3'!H103 -> NO | DZ3: ='Code_book_v3.3'!K103 -> NO | EA3: ='Code_book_v3.3'!K104 -> NO | EB3: ='Code_book_v3.3'!K105 -> NO | EC3: ='Code_book_v3.3'!K106 -> NO | ED3: ='Code_book_v3.3'!N103 -> 0 | EE3: ='Code_book_v3.3'!H107 -> NO | EF3: ='Code_book_v3.3'!K107 -> NO | EG3: ='Code_book_v3.3'!K108 -> NO | EH3: ='Code_book_v3.3'!K109 -> NO | EI3: ='Code_book_v3.3'!K110 -> NO | EJ3: ='Code_book_v3.3'!N107 -> 0 | EK3: ='Code_book_v3.3'!H111 -> NO | EL3: ='Code_book_v3.3'!K111 -> NO | EM3: ='Code_book_v3.3'!K111 -> NO | EN3: ='Code_book_v3.3'!K112 -> NO | EO3: ='Code_book_v3.3'!K114 -> NO | EP3: ='Code_book_v3.3'!N111 -> 0 | EQ3: ='Code_book_v3.3'!H115 -> NO | ER3: ='Code_book_v3.3'!K115 -> NO | ES3: ='Code_book_v3.3'!K116 -> NO | ET3: ='Code_book_v3.3'!K117 -> NO | EU3: ='Code_book_v3.3'!K118 -> NO | EV3: ='Code_book_v3.3'!N115 -> 0 | EW3: ='Code_book_v3.3'!H119 -> NO | EX3: ='Code_book_v3.3'!K119 -> NO | EY3: ='Code_book_v3.3'!K120 -> NO | EZ3: ='Code_book_v3.3'!K121 -> NO | FA3: ='Code_book_v3.3'!K122 -> NO | FB3: ='Code_book_v3.3'!N119 -> 0 | FC3: ='Code_book_v3.3'!H123 -> NO | FD3: ='Code_book_v3.3'!K123 -> 0 | FE3: ='Code_book_v3.3'!E126 -> NO | FF3: ='Code_book_v3.3'!H126 -> NO | FG3: ='Code_book_v3.3'!K126 -> NO | FH3: ='Code_book_v3.3'!K127 -> NO | FI3: ='Code_book_v3.3'!K128 -> NO | FJ3: ='Code_book_v3.3'!K129 -> NO | FK3: ='Code_book_v3.3'!N126 -> 0 | FL3: ='Code_book_v3.3'!H130 -> NO | FM3: ='Code_book_v3.3'!K130 -> NO | FN3: ='Code_book_v3.3'!K131 -> NO | FO3: ='Code_book_v3.3'!K132 -> NO | FP3: ='Code_book_v3.3'!K133 -> NO | FQ3: ='Code_book_v3.3'!N130 -> 0 | FR3: ='Code_book_v3.3'!H134 -> NO | FS3: ='Code_book_v3.3'!K134 -> NO | FT3: ='Code_book_v3.3'!K135 -> NO | FU3: ='Code_book_v3.3'!K136 -> NO | FV3: ='Code_book_v3.3'!K137 -> NO | FW3: ='Code_book_v3.3'!N134 -> 0 | FX3: ='Code_book_v3.3'!H138 -> NO | FY3: ='Code_book_v3.3'!K138 -> NO | FZ3: ='Code_book_v3.3'!K139 -> NO | GA3: ='Code_book_v3.3'!K140 -> NO | GB3: ='Code_book_v3.3'!K141 -> NO | GC3: ='Code_book_v3.3'!N138 -> 0 | GD3: ='Code_book_v3.3'!H142 -> NO | GE3: ='Code_book_v3.3'!K142 -> NO | GF3: ='Code_book_v3.3'!K143 -> NO | GG3: ='Code_book_v3.3'!K144 -> NO | GH3: ='Code_book_v3.3'!K145 -> NO | GI3: ='Code_book_v3.3'!N142 -> 0 | GJ3: ='Code_book_v3.3'!H146 -> NO | GK3: ='Code_book_v3.3'!K146 -> 0 | GL3: ='Code_book_v3.3'!E149 -> NO | GM3: ='Code_book_v3.3'!H149 -> NO | GN3: ='Code_book_v3.3'!H150 -> NO | GO3: ='Code_book_v3.3'!H151 -> NO | GP3: ='Code_book_v3.3'!H152 -> NO | GQ3: ='Code_book_v3.3'!H153 -> NO | GR3: ='Code_book_v3.3'!H154 -> NO | GS3: ='Code_book_v3.3'!K154 -> 0 | GT3: ='Code_book_v3.3'!E157 -> NO | GU3: ='Code_book_v3.3'!H157 -> 0
A8: NOTES: This summary table will be used for data extraction. Each public health guidance will have 1 row (filled out). These fields should automatically sync with the worksheet as you extract. Make sure to copy and paste the row onto the data_extraction_results sheet to ensure your individual extractions are saved. This page is locked to ensure data structure does not get altered. Password is wildfire to unlock

Sheet S_data_extraction
A2: doc_id | B2: source_name | C2: include_wfs_health_action | D2: use_air_cleaner | E2: use_HEPA_filter | F2: run_HVAC_continuous | G2: filter_air_vehicle | H2: run_HVAC_filter_specified | I2: run_HVAC_filter_type_txt | J2: reduce_outdoor_exercise | K2: stay_indoors | L2: stay_indoors_doors_windows_closed | M2: wear_mask | N2: wear_mask_N95 | O2: wear_mask_KN95 | P2: wear_mask_respirator | Q2: wear_mask_surgical | R2: wear_mask_against_specified | S2: wear_mask_against_txt | T2: wear_mask_other | U2: wear_mask_other_txt | V2: check_air_quality | W2: check_outdoor_AQ | X2: check_outdoor_AQ_method | Y2: check_outdoor_AQ_govt | Z2: check_outdoor_AQ_govt_ECCC | AA2: check_outdoor_AQ_govt_BC | AB2: check_outdoor_AQ_govt_FireSmoke | AC2: check_outdoor_AQ_crowdsource | AD2: check_outdoor_AQ_PurpleAir | AE2: check_outdoor_AQ_IQair | AF2: outdoor_AQ_action_specified | AG2: outdoor_AQ_action_txt | AH2: monitor_indoor_AQ | AI2: indoor_monitor_type_specified | AJ2: indoor_monitor_type_txt | AK2: indoor_monitor_action_specified | AL2: indoor_monitor_action_txt | AM2: other_health_action | AN2: other_health_action_txt | AO2: target_audience_present | AP2: target_audience_general_pop | AQ2: target_group_children_infants | AR2: target_group_older | AS2: target_group_pregnant | AT2: target_group_pregnant | AU2: target_group_current_lung_disease | AV2: target_group_current_other_health | AW2: target_group_current_other_health_txt | AX2: target_group_current_other | AY2: target_group_current_other_txt | AZ2: guidance_goal_present | BA2: guidance_goal_protect_health_general | BB2: guidance_goal_protect_lung_health | BC2: guidance_goal_protect_health_other | BD2: guidance_goal_protect_health_other_txt | BE2: guidance_goal_informs_decisions | BF2: guidance_goal_other | BG2: guidance_goal_other_txt | BH2: author_individual_level | BI2: author_names_present | BJ2: author_accreditation_present | BK2: author_additional_info_present | BL2: author_additional_info_txt | BM2: dev_process_described | BN2: dev_process_details_txt | BO2: multi_language_available | BP2: language_french | BQ2: language_chinese | BR2: language_hindi | BS2: language_punjabi | BT2: language_spanish | BU2: language_other_specified | BV2: language_other_txt | BW2: benefits_present | BX2: benefits_hepa | BY2: benefits_HEPA_improves_air_quality | BZ2: benefits_HEPA_improves_lung_health | CA2: benefits_HEPA_improves_other_health | CB2: benefits_HEPA_improves_other_non_health | CC2: benefits_DIY | CD2: benefits_DIY_improves_air_quality | CE2: benefits_DIY_improves_lung_health | CF2: benefits_DIY_improves_other_health | CG2: benefits_DIY_improves_other_non_health | CH2: benefits_indoor | CI2: benefits_indoor_improves_air_quality | CJ2: benefits_indoor_improves_lung_health | CK2: benefits_indoor_improves_other_health | CL2: benefits_indoor_improves_other_non_health | CM2: benefits_reduce_outdoor | CN2: bruden_present | CO2: burden_hepa | CP2: burden_HEPA_upfront_cost | CQ2: burden_HEPA_main_cost | CR2: burden_HEPA_noise | CS2: burden_HEPA_other | CT2: burden_diy | CU2: burden_diy_main_cost | CV2: burden_diy_noise | CW2: burden_diy_other | CX2: burden_indoor | CY2: burden_indoor_work | CZ2: burden_indoor_well_being | DA2: burden_indoor_other | DB2: burden_outdoor | DC2: burden_outdoor_work | DD2: burden_outdoor_well_being | DE2: burden_outdoor_other | DF2: burden_mask | DG2: burden_mask_work | DH2: burden_mask_well_being | DI2: burden_mask_cost | DJ2: burden_mask_other | DK2: burden_other | DL2: burden_other_txt | DM2: effectsize_present | DN2: effectsize_HEPA_present | DO2: effectsize_HEPA_air_quality | DP2: effectsize_HEPA_lung_health | DQ2: effectsize_HEPA_other_health | DR2: effectsize_HEPA_other | DS2: effectsize_HEPA_txt | DT2: effectsize_DIY_present | DU2: effectsize_DIY_air_quality | DV2: effectsize_DIY_lung_health | DW2: effectsize_DIY_other_health | DX2: effectsize_DIY_other | DY2: effectsize_DIY_txt | DZ2: effectsize_stay_indoors_present | EA2: effectsize_stay_indoors_reduce_exposure | EB2: effectsize_stay_indoors_lung_health | EC2: effectsize_stay_indoors_other_health | ED2: effectsize_stay_indoors_other | EE2: effectsize_stay_indoors_txt | EF2: effectsize_reduce_exercise_present | EG2: effectsize_reduce_exercise_reduce_exposure | EH2: effectsize_reduce_exercise_lung_health | EI2: effectsize_reduce_exercise_other_health | EJ2: effectsize_reduce_exercise_other | EK2: effectsize_reduce_exercise_txt | EL2: effectsize_mask_present | EM2: effectsize_mask_reduce_exposure | EN2: effectsize_mask_lung_health | EO2: effectsize_mask_other_health | EP2: effectsize_mask_other | EQ2: effectsize_mask_txt | ER2: effectsize_other_action_present | ES2: effectsize_other_action_txt | ET2: effectsize_burden_present | EU2: effectsize_burden_HEPA_present | EV2: effectsize_burden_HEPA_air_quality | EW2: effectsize_burden_HEPA_lung_health | EX2: effectsize_burden_HEPA_other_health | EY2: effectsize_burden_HEPA_other | EZ2: effectsize_burden_HEPA_txt | FA2: effectsize_burden_DIY_present | FB2: effectsize_burden_DIY_air_quality | FC2: effectsize_burden_DIY_lung_health | FD2: effectsize_burden_DIY_other_health | FE2: effectsize_burden_DIY_other | FF2: effectsize_burden_DIY_txt | FG2: effectsize_burden_stay_indoors_present | FH2: effectsize_burden_stay_indoors_reduce_exposure | FI2: effectsize_burden_stay_indoors_lung_health | FJ2: effectsize_burden_stay_indoors_other_health | FK2: effectsize_burden_stay_indoors_other | FL2: effectsize_burden_stay_indoors_txt | FM2: effectsize_burden_reduce_exercise_present | FN2: effectsize_burden_reduce_exercise_reduce_exposure | FO2: effectsize_burden_reduce_exercise_lung_health | FP2: effectsize_burden_reduce_exercise_other_health | FQ2: effectsize_burden_reduce_exercise_other | FR2: effectsize_burden_reduce_exercise_txt | FS2: effectsize_burden_mask_present | FT2: effectsize_burden_mask_reduce_exposure | FU2: effectsize_burden_mask_lung_health | FV2: effectsize_burden_mask_other_health | FW2: effectsize_burden_mask_other | FX2: effectsize_burden_mask_txt | FY2: effectsize_burden_other_action_present | FZ2: effectsize_burden_other_action_txt | GA2: evidence_quality_present | GB2: evidence_quality_HEPA | GC2: evidence_quality_DIY | GD2: evidence_quality_stay_indoors | GE2: evidence_quality_reduce_exercise | GF2: evidence_quality_mask | GG2: evidence_quality_other | GH2: evidence_quality_other_action_txt | GI2: references_scientific_publications | GJ2: references_scientific_publications_txt
A3: vch_001 | B3: 2022 | C3: YES | D3: YES | E3: YES | F3: NO | G3: NO | H3: NO | I3: N/A | J3: YES | K3: YES | L3: YES | M3: NO | N3: NO | O3: NO | P3: NO | Q3: NO | R3: NO | S3: N/A | T3: NO | U3: N/A | V3: YES | W3: YES | X3: NO | Y3: NO | Z3: NO | AA3: NO | AB3: NO | AC3: NO | AD3: NO | AE3: NO | AF3: NO | AG3: N/A | AH3: NO | AI3: NO | AJ3: N/A | AK3: NO | AL3: N/A | AM3: YES | AN3: hydrate | AO3: NO | AP3: NO | AQ3: NO | AR3: NO | AS3: NO | AT3: NO | AU3: NO | AV3: NO | AW3: N/A | AX3: NO | AY3: N/A | AZ3: NO | BA3: NO | BB3: NO | BC3: NO | BD3: N/A | BE3: NO | BF3: NO | BG3: N/A | BH3: NO | BI3: NO | BJ3: NO | BK3: NO | BL3: N/A | BM3: NO | BN3: N/A | BO3: NO | BP3: NO | BQ3: NO | BR3: NO | BS3: NO | BT3: NO | BU3: NO | BV3: N/A | BW3: NO | BX3: NO | BY3: NO | BZ3: NO | CA3: NO | CB3: NO | CC3: NO | CD3: NO | CE3: NO | CF3: NO | CG3: NO | CH3: NO | CI3: NO | CJ3: NO | CK3: NO | CL3: NO | CM3: NO | CN3: NO | CO3: NO | CP3: NO | CQ3: NO | CR3: NO | CS3: NO | CT3: NO | CU3: NO | CV3: NO | CW3: NO | CX3: YES | CY3: NO | CZ3: NO | DA3: YES | DB3: NO | DC3: NO | DD3: NO | DE3: NO | DF3: NO | DG3: NO | DH3: NO | DI3: NO | DJ3: NO | DK3: NO | DL3: N/A | DM3: NO | DN3: NO | DO3: NO | DP3: NO | DQ3: NO | DR3: NO | DS3: N/A | DT3: NO | DU3: NO | DV3: NO | DW3: NO | DX3: NO | DY3: N/A | DZ3: NO | EA3: NO | EB3: NO | EC3: NO | ED3: NO | EE3: N/A | EF3: NO | EG3: NO | EH3: NO | EI3: NO | EJ3: NO | EK3: N/A | EL3: NO | EM3: NO | EN3: NO | EO3: NO | EP3: NO | EQ3: N/A | ER3: NO | ES3: N/A | ET3: NO | EU3: NO | EV3: NO | EW3: NO | EX3: NO | EY3: NO | EZ3: N/A | FA3: NO | FB3: NO | FC3: NO | FD3: NO | FE3: NO | FF3: N/A | FG3: NO | FH3: NO | FI3: NO | FJ3: NO | FK3: NO | FL3: N/A | FM3: NO | FN3: NO | FO3: NO | FP3: NO | FQ3: NO | FR3: N/A | FS3: NO | FT3: NO | FU3: NO | FV3: NO | FW3: NO | FX3: N/A | FY3: NO | FZ3: N/A | GA3: NO | GB3: NO | GC3: NO | GD3: NO | GE3: NO | GF3: NO | GG3: NO | GH3: N/A | GI3: NO | GJ3: N/A
A4: vch_002 | B4: 2024 | C4: YES | D4: YES | E4: YES | F4: NO | G4: NO | H4: YES | I4: MERV13 | J4: YES | K4: YES | L4: YES | M4: NO | N4: NO | O4: NO | P4: NO | Q4: NO | R4: NO | S4: N/A | T4: NO | U4: N/A | V4: YES | W4: YES | X4: YES | Y4: YES | Z4: NO | AA4: YES | AB4: NO | AC4: YES | AD4: NO | AE4: NO | AF4: YES | AG4: varies | AH4: YES | AI4: NO | AJ4: N/A | AK4: NO | AL4: N/A | AM4: YES | AN4: hydrate | AO4: NO | AP4: NO | AQ4: NO | AR4: NO | AS4: NO | AT4: NO | AU4: NO | AV4: NO | AW4: N/A | AX4: NO | AY4: N/A | AZ4: NO | BA4: NO | BB4: NO | BC4: NO | BD4: N/A | BE4: NO | BF4: NO | BG4: N/A | BH4: NO | BI4: NO | BJ4: NO | BK4: NO | BL4: N/A | BM4: NO | BN4: N/A | BO4: NO | BP4: NO | BQ4: NO | BR4: NO | BS4: NO | BT4: NO | BU4: NO | BV4: N/A | BW4: YES | BX4: YES | BY4: NO | BZ4: NO | CA4: NO | CB4: YES | CC4: NO | CD4: NO | CE4: NO | CF4: NO | CG4: NO | CH4: YES | CI4: YES | CJ4: NO | CK4: NO | CL4: NO | CM4: NO | CN4: YES | CO4: NO | CP4: NO | CQ4: NO | CR4: NO | CS4: NO | CT4: NO | CU4: NO | CV4: NO | CW4: NO | CX4: YES | CY4: NO | CZ4: NO | DA4: YES | DB4: NO | DC4: NO | DD4: NO | DE4: NO | DF4: NO | DG4: NO | DH4: NO | DI4: NO | DJ4: NO | DK4: NO | DL4: N/A | DM4: NO | DN4: NO | DO4: NO | DP4: NO | DQ4: NO | DR4: NO | DS4: N/A | DT4: NO | DU4: NO | DV4: NO | DW4: NO | DX4: NO | DY4: N/A | DZ4: NO | EA4: NO | EB4: NO | EC4: NO | ED4: NO | EE4: N/A | EF4: NO | EG4: NO | EH4: NO | EI4: NO | EJ4: NO | EK4: N/A | EL4: NO | EM4: NO | EN4: NO | EO4: NO | EP4: NO | EQ4: N/A | ER4: NO | ES4: N/A | ET4: NO | EU4: NO | EV4: NO | EW4: NO | EX4: NO | EY4: NO | EZ4: N/A | FA4: NO | FB4: NO | FC4: NO | FD4: NO | FE4: NO | FF4: N/A | FG4: NO | FH4: NO | FI4: NO | FJ4: NO | FK4: NO | FL4: N/A | FM4: NO | FN4: NO | FO4: NO | FP4: NO | FQ4: NO | FR4: N/A | FS4: NO | FT4: NO | FU4: NO | FV4: NO | FW4: NO | FX4: N/A | FY4: NO | FZ4: N/A | GA4: NO | GB4: NO | GC4: NO | GD4: NO | GE4: NO | GF4: NO | GG4: NO | GH4: N/A | GI4: NO | GJ4: N/A
A5: vch_004 | B5: 2024 | C5: YES | D5: YES | E5: YES | F5: YES | G5: NO | H5: YES | I5: MERV13, MERV16+, HEPA | J5: YES | K5: YES | L5: YES | M5: NO | N5: NO | O5: NO | P5: NO | Q5: NO | R5: NO | S5: N/A | T5: NO | U5: N/A | V5: YES | W5: YES | X5: YES | Y5: YES | Z5: NO | AA5: YES | AB5: NO | AC5: YES | AD5: NO | AE5: NO | AF5: YES | AG5: varies | AH5: YES | AI5: NO | AJ5: N/A | AK5: NO | AL5: N/A | AM5: YES | AN5: hydrate; reduce outdoor excercies | AO5: NO | AP5: NO | AQ5: NO | AR5: NO | AS5: NO | AT5: NO | AU5: NO | AV5: NO | AW5: N/A | AX5: NO | AY5: N/A | AZ5: NO | BA5: NO | BB5: NO | BC5: NO | BD5: N/A | BE5: NO | BF5: NO | BG5: N/A | BH5: NO | BI5: NO | BJ5: NO | BK5: NO | BL5: N/A | BM5: NO | BN5: N/A | BO5: NO | BP5: NO | BQ5: NO | BR5: NO | BS5: NO | BT5: NO | BU5: NO | BV5: N/A | BW5: YES | BX5: YES | BY5: NO | BZ5: NO | CA5: NO | CB5: YES | CC5: YES | CD5: YES | CE5: NO | CF5: NO | CG5: YES | CH5: YES | CI5: YES | CJ5: NO | CK5: NO | CL5: NO | CM5: YES | CN5: YES | CO5: YES | CP5: NO | CQ5: NO | CR5: NO | CS5: YES | CT5: NO | CU5: NO | CV5: NO | CW5: NO | CX5: YES | CY5: NO | CZ5: NO | DA5: YES | DB5: NO | DC5: NO | DD5: NO | DE5: NO | DF5: NO | DG5: NO | DH5: NO | DI5: NO | DJ5: NO | DK5: NO | DL5: N/A | DM5: NO | DN5: NO | DO5: NO | DP5: NO | DQ5: NO | DR5: NO | DS5: N/A | DT5: NO | DU5: NO | DV5: NO | DW5: NO | DX5: NO | DY5: N/A | DZ5: NO | EA5: NO | EB5: NO | EC5: NO | ED5: NO | EE5: N/A | EF5: NO | EG5: NO | EH5: NO | EI5: NO | EJ5: NO | EK5: N/A | EL5: NO | EM5: NO | EN5: NO | EO5: NO | EP5: NO | EQ5: N/A | ER5: NO | ES5: N/A | ET5: NO | EU5: NO | EV5: NO | EW5: NO | EX5: NO | EY5: NO | EZ5: N/A | FA5: NO | FB5: NO | FC5: NO | FD5: NO | FE5: NO | FF5: N/A | FG5: NO | FH5: NO | FI5: NO | FJ5: NO | FK5: NO | FL5: N/A | FM5: NO | FN5: NO | FO5: NO | FP5: NO | FQ5: NO | FR5: N/A | FS5: NO | FT5: NO | FU5: NO | FV5: NO | FW5: NO | FX5: N/A | FY5: NO | FZ5: N/A | GA5: NO | GB5: NO | GC5: NO | GD5: NO | GE5: NO | GF5: NO | GG5: NO | GH5: N/A | GI5: NO | GJ5: N/A
A6: vch_005 | B6: 2024 | C6: YES | D6: YES | E6: YES | F6: NO | G6: NO | H6: NO | I6: N/A | J6: NO | K6: NO | L6: NO | M6: NO | N6: NO | O6: NO | P6: NO | Q6: NO | R6: NO | S6: N/A | T6: NO | U6: N/A | V6: NO | W6: NO | X6: NO | Y6: NO | Z6: NO | AA6: NO | AB6: NO | AC6: NO | AD6: NO | AE6: NO | AF6: NO | AG6: N/A | AH6: YES | AI6: NO | AJ6: N/A | AK6: NO | AL6: N/A | AM6: YES | AN6: Wildfire Smoke Readiness Plan | AO6: NO | AP6: NO | AQ6: NO | AR6: NO | AS6: NO | AT6: NO | AU6: NO | AV6: NO | AW6: N/A | AX6: NO | AY6: N/A | AZ6: NO | BA6: NO | BB6: NO | BC6: NO | BD6: N/A | BE6: NO | BF6: NO | BG6: N/A | BH6: NO | BI6: NO | BJ6: NO | BK6: NO | BL6: N/A | BM6: NO | BN6: N/A | BO6: NO | BP6: NO | BQ6: NO | BR6: NO | BS6: NO | BT6: NO | BU6: NO | BV6: N/A | BW6: YES | BX6: NO | BY6: YES | BZ6: NO | CA6: NO | CB6: NO | CC6: YES | CD6: NO | CE6: NO | CF6: NO | CG6: YES | CH6: NO | CI6: NO | CJ6: NO | CK6: NO | CL6: NO | CM6: NO | CN6: YES | CO6: YES | CP6: NO | CQ6: NO | CR6: YES | CS6: YES | CT6: NO | CU6: NO | CV6: NO | CW6: NO | CX6: YES | CY6: NO | CZ6: NO | DA6: NO | DB6: NO | DC6: NO | DD6: NO | DE6: NO | DF6: NO | DG6: NO | DH6: NO | DI6: NO | DJ6: NO | DK6: NO | DL6: N/A | DM6: NO | DN6: NO | DO6: NO | DP6: NO | DQ6: NO | DR6: NO | DS6: N/A | DT6: NO | DU6: NO | DV6: NO | DW6: NO | DX6: NO | DY6: N/A | DZ6: NO | EA6: NO | EB6: NO | EC6: NO | ED6: NO | EE6: N/A | EF6: NO | EG6: NO | EH6: NO | EI6: NO | EJ6: NO | EK6: N/A | EL6: NO | EM6: NO | EN6: NO | EO6: NO | EP6: NO | EQ6: N/A | ER6: NO | ES6: N/A | ET6: NO | EU6: NO | EV6: NO | EW6: NO | EX6: NO | EY6: NO | EZ6: N/A | FA6: NO | FB6: NO | FC6: NO | FD6: NO | FE6: NO | FF6: N/A | FG6: NO | FH6: NO | FI6: NO | FJ6: NO | FK6: NO | FL6: N/A | FM6: NO | FN6: NO | FO6: NO | FP6: NO | FQ6: NO | FR6: N/A | FS6: NO | FT6: NO | FU6: NO | FV6: NO | FW6: NO | FX6: N/A | FY6: NO | FZ6: N/A | GA6: NO | GB6: NO | GC6: NO | GD6: NO | GE6: NO | GF6: NO | GG6: NO | GH6: N/A | GI6: NO | GJ6: N/A
A7: vch_006 | B7: N/A | C7: YES | D7: NO | E7: NO | F7: NO | G7: NO | H7: NO | I7: N/A | J7: YES | K7: YES | L7: YES | M7: NO | N7: NO | O7: NO | P7: NO | Q7: NO | R7: NO | S7: N/A | T7: NO | U7: N/A | V7: NO | W7: NO | X7: NO | Y7: NO | Z7: NO | AA7: NO | AB7: NO | AC7: NO | AD7: NO | AE7: NO | AF7: NO | AG7: N/A | AH7: NO | AI7: NO | AJ7: N/A | AK7: NO | AL7: N/A | AM7: NO | AN7: N/A | AO7: YES | AP7: NO | AQ7: YES | AR7: NO | AS7: NO | AT7: NO | AU7: NO | AV7: NO | AW7: N/A | AX7: NO | AY7: N/A | AZ7: NO | BA7: NO | BB7: NO | BC7: NO | BD7: N/A | BE7: NO | BF7: NO | BG7: N/A | BH7: NO | BI7: NO | BJ7: NO | BK7: NO | BL7: N/A | BM7: NO | BN7: N/A | BO7: NO | BP7: NO | BQ7: NO | BR7: NO | BS7: NO | BT7: NO | BU7: NO | BV7: N/A | BW7: NO | BX7: NO | BY7: NO | BZ7: NO | CA7: NO | CB7: NO | CC7: NO | CD7: NO | CE7: NO | CF7: NO | CG7: NO | CH7: NO | CI7: NO | CJ7: NO | CK7: NO | CL7: NO | CM7: NO | CN7: NO | CO7: NO | CP7: NO | CQ7: NO | CR7: NO | CS7: NO | CT7: NO | CU7: NO | CV7: NO | CW7: NO | CX7: NO | CY7: NO | CZ7: NO | DA7: NO | DB7: NO | DC7: NO | DD7: NO | DE7: NO | DF7: NO | DG7: NO | DH7: NO | DI7: NO | DJ7: NO | DK7: NO | DL7: N/A | DM7: NO | DN7: NO | DO7: NO | DP7: NO | DQ7: NO | DR7: NO | DS7: N/A | DT7: NO | DU7: NO | DV7: NO | DW7: NO | DX7: NO | DY7: N/A | DZ7: NO | EA7: NO | EB7: NO | EC7: NO | ED7: NO | EE7: N/A | EF7: NO | EG7: NO | EH7: NO | EI7: NO | EJ7: NO | EK7: N/A | EL7: NO | EM7: NO | EN7: NO | EO7: NO | EP7: NO | EQ7: N/A | ER7: NO | ES7: N/A | ET7: NO | EU7: NO | EV7: NO | EW7: NO | EX7: NO | EY7: NO | EZ7: N/A | FA7: NO | FB7: NO | FC7: NO | FD7: NO | FE7: NO | FF7: N/A | FG7: NO | FH7: NO | FI7: NO | FJ7: NO | FK7: NO | FL7: N/A | FM7: NO | FN7: NO | FO7: NO | FP7: NO | FQ7: NO | FR7: N/A | FS7: NO | FT7: NO | FU7: NO | FV7: NO | FW7: NO | FX7: N/A | FY7: NO | FZ7: N/A | GA7: NO | GB7: NO | GC7: NO | GD7: NO | GE7: NO | GF7: NO | GG7: NO | GH7: N/A | GI7: NO | GJ7: N/A
A8: vch_007 | B8: N/A | C8: YES | D8: NO | E8: NO | F8: NO | G8: NO | H8: NO | I8: N/A | J8: YES | K8: YES | L8: NO | M8: NO | N8: NO | O8: NO | P8: NO | Q8: NO | R8: NO | S8: N/A | T8: NO | U8: N/A | V8: YES | W8: NO | X8: NO | Y8: NO | Z8: NO | AA8: NO | AB8: NO | AC8: NO | AD8: NO | AE8: NO | AF8: NO | AG8: N/A | AH8: NO | AI8: NO | AJ8: N/A | AK8: NO | AL8: N/A | AM8: YES | AN8: asthma treatment plan and rescue medications | AO8: YES | AP8: NO | AQ8: YES | AR8: NO | AS8: NO | AT8: NO | AU8: NO | AV8: NO | AW8: N/A | AX8: NO | AY8: N/A | AZ8: NO | BA8: NO | BB8: NO | BC8: NO | BD8: N/A | BE8: NO | BF8: NO | BG8: N/A | BH8: NO | BI8: NO | BJ8: NO | BK8: NO | BL8: N/A | BM8: NO | BN8: N/A | BO8: NO | BP8: NO | BQ8: NO | BR8: NO | BS8: NO | BT8: NO | BU8: NO | BV8: N/A | BW8: NO | BX8: NO | BY8: NO | BZ8: NO | CA8: NO | CB8: NO | CC8: NO | CD8: NO | CE8: NO | CF8: NO | CG8: NO | CH8: YES | CI8: YES | CJ8: NO | CK8: NO | CL8: NO | CM8: NO | CN8: NO | CO8: NO | CP8: NO | CQ8: NO | CR8: NO | CS8: NO | CT8: NO | CU8: NO | CV8: NO | CW8: NO | CX8: NO | CY8: NO | CZ8: NO | DA8: NO | DB8: NO | DC8: NO | DD8: NO | DE8: NO | DF8: NO | DG8: NO | DH8: NO | DI8: NO | DJ8: NO | DK8: NO | DL8: N/A | DM8: NO | DN8: NO | DO8: NO | DP8: NO | DQ8: NO | DR8: NO | DS8: N/A | DT8: NO | DU8: NO | DV8: NO | DW8: NO | DX8: NO | DY8: N/A | DZ8: NO | EA8: NO | EB8: NO | EC8: NO | ED8: NO | EE8: N/A | EF8: NO | EG8: NO | EH8: NO | EI8: NO | EJ8: NO | EK8: N/A | EL8: NO | EM8: NO | EN8: NO | EO8: NO | EP8: NO | EQ8: N/A | ER8: NO | ES8: N/A | ET8: NO | EU8: NO | EV8: NO | EW8: NO | EX8: NO | EY8: NO | EZ8: N/A | FA8: NO | FB8: NO | FC8: NO | FD8: NO | FE8: NO | FF8: N/A | FG8: NO | FH8: NO | FI8: NO | FJ8: NO | FK8: NO | FL8: N/A | FM8: NO | FN8: NO | FO8: NO | FP8: NO | FQ8: NO | FR8: N/A | FS8: NO | FT8: NO | FU8: NO | FV8: NO | FW8: NO | FX8: N/A | FY8: NO | FZ8: N/A | GA8: NO | GB8: NO | GC8: NO | GD8: NO | GE8: NO | GF8: NO | GG8: NO | GH8: N/A | GI8: NO | GJ8: N/A
A9: vch_008 | B9: N/A | C9: YES | D9: NO | E9: NO | F9: NO | G9: NO | H9: NO | I9: N/A | J9: YES | K9: YES | L9: NO | M9: NO | N9: NO | O9: NO | P9: NO | Q9: NO | R9: NO | S9: N/A | T9: NO | U9: N/A | V9: NO | W9: NO | X9: NO | Y9: NO | Z9: NO | AA9: NO | AB9: NO | AC9: NO | AD9: NO | AE9: NO | AF9: NO | AG9: N/A | AH9: NO | AI9: NO | AJ9: N/A | AK9: NO | AL9: N/A | AM9: NO | AN9: N/A | AO9: NO | AP9: NO | AQ9: NO | AR9: NO | AS9: YES | AT9: YES | AU9: NO | AV9: NO | AW9: N/A | AX9: NO | AY9: N/A | AZ9: NO | BA9: NO | BB9: NO | BC9: NO | BD9: N/A | BE9: NO | BF9: NO | BG9: N/A | BH9: NO | BI9: NO | BJ9: NO | BK9: NO | BL9: N/A | BM9: NO | BN9: N/A | BO9: NO | BP9: NO | BQ9: NO | BR9: NO | BS9: NO | BT9: NO | BU9: NO | BV9: N/A | BW9: NO | BX9: NO | BY9: NO | BZ9: NO | CA9: NO | CB9: NO | CC9: NO | CD9: NO | CE9: NO | CF9: NO | CG9: NO | CH9: NO | CI9: NO | CJ9: NO | CK9: NO | CL9: NO | CM9: NO | CN9: NO | CO9: NO | CP9: NO | CQ9: NO | CR9: NO | CS9: NO | CT9: NO | CU9: NO | CV9: NO | CW9: NO | CX9: NO | CY9: NO | CZ9: NO | DA9: NO | DB9: NO | DC9: NO | DD9: NO | DE9: NO | DF9: NO | DG9: NO | DH9: NO | DI9: NO | DJ9: NO | DK9: NO | DL9: N/A | DM9: NO | DN9: NO | DO9: NO | DP9: NO | DQ9: NO | DR9: NO | DS9: N/A | DT9: NO | DU9: NO | DV9: NO | DW9: NO | DX9: NO | DY9: N/A | DZ9: NO | EA9: NO | EB9: NO | EC9: NO | ED9: NO | EE9: N/A | EF9: NO | EG9: NO | EH9: NO | EI9: NO | EJ9: NO | EK9: N/A | EL9: NO | EM9: NO | EN9: NO | EO9: NO | EP9: NO | EQ9: N/A | ER9: NO | ES9: N/A | ET9: NO | EU9: NO | EV9: NO | EW9: NO | EX9: NO | EY9: NO | EZ9: N/A | FA9: NO | FB9: NO | FC9: NO | FD9: NO | FE9: NO | FF9: N/A | FG9: NO | FH9: NO | FI9: NO | FJ9: NO | FK9: NO | FL9: N/A | FM9: NO | FN9: NO | FO9: NO | FP9: NO | FQ9: NO | FR9: N/A | FS9: NO | FT9: NO | FU9: NO | FV9: NO | FW9: NO | FX9: N/A | FY9: NO | FZ9: N/A | GA9: NO | GB9: NO | GC9: NO | GD9: NO | GE9: NO | GF9: NO | GG9: NO | GH9: N/A | GI9: NO | GJ9: N/A
A10: vch_009 | B10: N/A | C10: YES | D10: NO | E10: NO | F10: NO | G10: NO | H10: NO | I10: N/A | J10: YES | K10: YES | L10: NO | M10: NO | N10: NO | O10: NO | P10: NO | Q10: NO | R10: NO | S10: N/A | T10: NO | U10: N/A | V10: YES | W10: YES | X10: YES | Y10: NO | Z10: NO | AA10: NO | AB10: NO | AC10: NO | AD10: NO | AE10: NO | AF10: NO | AG10: N/A | AH10: NO | AI10: NO | AJ10: N/A | AK10: NO | AL10: N/A | AM10: NO | AN10: asthma treatment plan and rescue medications | AO10: YES | AP10: NO | AQ10: NO | AR10: NO | AS10: YES | AT10: YES | AU10: NO | AV10: NO | AW10: N/A | AX10: NO | AY10: N/A | AZ10: NO | BA10: NO | BB10: NO | BC10: NO | BD10: N/A | BE10: NO | BF10: NO | BG10: N/A | BH10: NO | BI10: NO | BJ10: NO | BK10: NO | BL10: N/A | BM10: NO | BN10: N/A | BO10: NO | BP10: NO | BQ10: NO | BR10: NO | BS10: NO | BT10: NO | BU10: NO | BV10: N/A | BW10: NO | BX10: NO | BY10: NO | BZ10: NO | CA10: NO | CB10: NO | CC10: NO | CD10: NO | CE10: NO | CF10: NO | CG10: NO | CH10: YES | CI10: YES | CJ10: NO | CK10: NO | CL10: NO | CM10: NO | CN10: NO | CO10: NO | CP10: NO | CQ10: NO | CR10: NO | CS10: NO | CT10: NO | CU10: NO | CV10: NO | CW10: NO | CX10: NO | CY10: NO | CZ10: NO | DA10: NO | DB10: NO | DC10: NO | DD10: NO | DE10: NO | DF10: NO | DG10: NO | DH10: NO | DI10: NO | DJ10: NO | DK10: NO | DL10: N/A | DM10: NO | DN10: NO | DO10: NO | DP10: NO | DQ10: NO | DR10: NO | DS10: N/A | DT10: NO | DU10: NO | DV10: NO | DW10: NO | DX10: NO | DY10: N/A | DZ10: NO | EA10: NO | EB10: NO | EC10: NO | ED10: NO | EE10: N/A | EF10: NO | EG10: NO | EH10: NO | EI10: NO | EJ10: NO | EK10: N/A | EL10: NO | EM10: NO | EN10: NO | EO10: NO | EP10: NO | EQ10: N/A | ER10: NO | ES10: N/A | ET10: NO | EU10: NO | EV10: NO | EW10: NO | EX10: NO | EY10: NO | EZ10: N/A | FA10: NO | FB10: NO | FC10: NO | FD10: NO | FE10: NO | FF10: N/A | FG10: NO | FH10: NO | FI10: NO | FJ10: NO | FK10: NO | FL10: N/A | FM10: NO | FN10: NO | FO10: NO | FP10: NO | FQ10: NO | FR10: N/A | FS10: NO | FT10: NO | FU10: NO | FV10: NO | FW10: NO | FX10: N/A | FY10: NO | FZ10: N/A | GA10: NO | GB10: NO | GC10: NO | GD10: NO | GE10: NO | GF10: NO | GG10: NO | GH10: N/A | GI10: NO | GJ10: N/A
A11: vch_011 | B11: 2024 | C11: YES | D11: YES | E11: NO | F11: NO | G11: NO | H11: NO | I11: N/A | J11: YES | K11: YES | L11: YES | M11: NO | N11: NO | O11: NO | P11: NO | Q11: NO | R11: NO | S11: N/A | T11: NO | U11: N/A | V11: YES | W11: YES | X11: YES | Y11: NO | Z11: NO | AA11: NO | AB11: NO | AC11: NO | AD11: NO | AE11: NO | AF11: NO | AG11: N/A | AH11: NO | AI11: NO | AJ11: N/A | AK11: NO | AL11: N/A | AM11: YES | AN11: seek air conditioned spaces (e.g., mall) | AO11: NO | AP11: NO | AQ11: NO | AR11: NO | AS11: NO | AT11: NO | AU11: NO | AV11: NO | AW11: N/A | AX11: NO | AY11: N/A | AZ11: NO | BA11: NO | BB11: NO | BC11: NO | BD11: N/A | BE11: NO | BF11: NO | BG11: N/A | BH11: NO | BI11: NO | BJ11: NO | BK11: NO | BL11: N/A | BM11: NO | BN11: N/A | BO11: NO | BP11: NO | BQ11: NO | BR11: NO | BS11: NO | BT11: NO | BU11: NO | BV11: N/A | BW11: NO | BX11: NO | BY11: NO | BZ11: NO | CA11: NO | CB11: NO | CC11: NO | CD11: NO | CE11: NO | CF11: NO | CG11: NO | CH11: NO | CI11: NO | CJ11: NO | CK11: NO | CL11: NO | CM11: NO | CN11: NO | CO11: NO | CP11: NO | CQ11: NO | CR11: NO | CS11: NO | CT11: NO | CU11: NO | CV11: NO | CW11: NO | CX11: NO | CY11: NO | CZ11: NO | DA11: NO | DB11: NO | DC11: NO | DD11: NO | DE11: NO | DF11: NO | DG11: NO | DH11: NO | DI11: NO | DJ11: NO | DK11: NO | DL11: N/A | DM11: NO | DN11: NO | DO11: NO | DP11: NO | DQ11: NO | DR11: NO | DS11: N/A | DT11: NO | DU11: NO | DV11: NO | DW11: NO | DX11: NO | DY11: N/A | DZ11: NO | EA11: NO | EB11: NO | EC11: NO | ED11: NO | EE11: N/A | EF11: NO | EG11: NO | EH11: NO | EI11: NO | EJ11: NO | EK11: N/A | EL11: NO | EM11: NO | EN11: NO | EO11: NO | EP11: NO | EQ11: N/A | ER11: NO | ES11: N/A | ET11: NO | EU11: NO | EV11: NO | EW11: NO | EX11: NO | EY11: NO | EZ11: N/A | FA11: NO | FB11: NO | FC11: NO | FD11: NO | FE11: NO | FF11: N/A | FG11: NO | FH11: NO | FI11: NO | FJ11: NO | FK11: NO | FL11: N/A | FM11: NO | FN11: NO | FO11: NO | FP11: NO | FQ11: NO | FR11: N/A | FS11: NO | FT11: NO | FU11: NO | FV11: NO | FW11: NO | FX11: N/A | FY11: NO | FZ11: N/A | GA11: NO | GB11: NO | GC11: NO | GD11: NO | GE11: NO | GF11: NO | GG11: NO | GH11: N/A | GI11: NO | GJ11: N/A
A12: vch_012 | B12: N/A | C12: YES | D12: NO | E12: NO | F12: NO | G12: NO | H12: NO | I12: N/A | J12: YES | K12: YES | L12: YES | M12: YES | N12: YES | O12: NO | P12: NO | Q12: NO | R12: NO | S12: N/A | T12: NO | U12: N/A | V12: YES | W12: YES | X12: YES | Y12: YES | Z12: NO | AA12: YES | AB12: NO | AC12: NO | AD12: NO | AE12: NO | AF12: YES | AG12: varies | AH12: NO | AI12: NO | AJ12: N/A | AK12: NO | AL12: N/A | AM12: NO | AN12: N/A | AO12: NO | AP12: NO | AQ12: NO | AR12: NO | AS12: NO | AT12: NO | AU12: NO | AV12: NO | AW12: N/A | AX12: NO | AY12: N/A | AZ12: NO | BA12: NO | BB12: NO | BC12: NO | BD12: N/A | BE12: NO | BF12: NO | BG12: N/A | BH12: NO | BI12: NO | BJ12: NO | BK12: NO | BL12: N/A | BM12: NO | BN12: N/A | BO12: NO | BP12: NO | BQ12: NO | BR12: NO | BS12: NO | BT12: NO | BU12: NO | BV12: N/A | BW12: YES | BX12: NO | BY12: NO | BZ12: NO | CA12: NO | CB12: NO | CC12: YES | CD12: YES | CE12: NO | CF12: NO | CG12: NO | CH12: YES | CI12: YES | CJ12: NO | CK12: NO | CL12: NO | CM12: YES | CN12: YES | CO12: NO | CP12: NO | CQ12: NO | CR12: NO | CS12: NO | CT12: NO | CU12: NO | CV12: NO | CW12: NO | CX12: YES | CY12: NO | CZ12: NO | DA12: YES | DB12: NO | DC12: NO | DD12: NO | DE12: NO | DF12: NO | DG12: NO | DH12: NO | DI12: NO | DJ12: NO | DK12: NO | DL12: N/A | DM12: NO | DN12: NO | DO12: NO | DP12: NO | DQ12: NO | DR12: NO | DS12: N/A | DT12: NO | DU12: NO | DV12: NO | DW12: NO | DX12: NO | DY12: N/A | DZ12: NO | EA12: NO | EB12: NO | EC12: NO | ED12: NO | EE12: N/A | EF12: NO | EG12: NO | EH12: NO | EI12: NO | EJ12: NO | EK12: N/A | EL12: NO | EM12: NO | EN12: NO | EO12: NO | EP12: NO | EQ12: N/A | ER12: NO | ES12: N/A | ET12: NO | EU12: NO | EV12: NO | EW12: NO | EX12: NO | EY12: NO | EZ12: N/A | FA12: NO | FB12: NO | FC12: NO | FD12: NO | FE12: NO | FF12: N/A | FG12: NO | FH12: NO | FI12: NO | FJ12: NO | FK12: NO | FL12: N/A | FM12: NO | FN12: NO | FO12: NO | FP12: NO | FQ12: NO | FR12: N/A | FS12: NO | FT12: NO | FU12: NO | FV12: NO | FW12: NO | FX12: N/A | FY12: NO | FZ12: N/A | GA12: NO | GB12: NO | GC12: NO | GD12: NO | GE12: NO | GF12: NO | GG12: NO | GH12: N/A | GI12: NO | GJ12: N/A
A13: vch_013 | B13: 2024 | C13: YES | D13: YES | E13: YES | F13: NO | G13: NO | H13: NO | I13: N/A | J13: YES | K13: YES | L13: YES | M13: YES | N13: YES | O13: NO | P13: NO | Q13: NO | R13: NO | S13: N/A | T13: NO | U13: N/A | V13: YES | W13: YES | X13: YES | Y13: YES | Z13: NO | AA13: NO | AB13: NO | AC13: NO | AD13: NO | AE13: NO | AF13: YES | AG13: varies | AH13: NO | AI13: NO | AJ13: N/A | AK13: NO | AL13: N/A | AM13: NO | AN13: N/A | AO13: NO | AP13: NO | AQ13: NO | AR13: NO | AS13: NO | AT13: NO | AU13: NO | AV13: NO | AW13: N/A | AX13: NO | AY13: N/A | AZ13: NO | BA13: NO | BB13: NO | BC13: NO | BD13: N/A | BE13: NO | BF13: NO | BG13: N/A | BH13: NO | BI13: NO | BJ13: NO | BK13: NO | BL13: N/A | BM13: NO | BN13: N/A | BO13: NO | BP13: NO | BQ13: NO | BR13: NO | BS13: NO | BT13: NO | BU13: NO | BV13: N/A | BW13: YES | BX13: NO | BY13: NO | BZ13: NO | CA13: NO | CB13: NO | CC13: YES | CD13: YES | CE13: NO | CF13: NO | CG13: NO | CH13: YES | CI13: YES | CJ13: NO | CK13: NO | CL13: NO | CM13: YES | CN13: YES | CO13: NO | CP13: NO | CQ13: NO | CR13: NO | CS13: NO | CT13: NO | CU13: NO | CV13: NO | CW13: NO | CX13: YES | CY13: NO | CZ13: NO | DA13: YES | DB13: NO | DC13: NO | DD13: NO | DE13: NO | DF13: NO | DG13: NO | DH13: NO | DI13: NO | DJ13: NO | DK13: NO | DL13: N/A | DM13: NO | DN13: NO | DO13: NO | DP13: NO | DQ13: NO | DR13: NO | DS13: N/A | DT13: NO | DU13: NO | DV13: NO | DW13: NO | DX13: NO | DY13: N/A | DZ13: NO | EA13: NO | EB13: NO | EC13: NO | ED13: NO | EE13: N/A | EF13: NO | EG13: NO | EH13: NO | EI13: NO | EJ13: NO | EK13: N/A | EL13: NO | EM13: NO | EN13: NO | EO13: NO | EP13: NO | EQ13: N/A | ER13: NO | ES13: N/A | ET13: NO | EU13: NO | EV13: NO | EW13: NO | EX13: NO | EY13: NO | EZ13: N/A | FA13: NO | FB13: NO | FC13: NO | FD13: NO | FE13: NO | FF13: N/A | FG13: NO | FH13: NO | FI13: NO | FJ13: NO | FK13: NO | FL13: N/A | FM13: NO | FN13: NO | FO13: NO | FP13: NO | FQ13: NO | FR13: N/A | FS13: NO | FT13: NO | FU13: NO | FV13: NO | FW13: NO | FX13: N/A | FY13: NO | FZ13: N/A | GA13: NO | GB13: NO | GC13: NO | GD13: NO | GE13: NO | GF13: NO | GG13: NO | GH13: N/A | GI13: NO | GJ13: N/A
A14: can_001 | B14: 2025 | C14: YES | D14: YES | E14: YES | F14: NO | G14: NO | H14: NO | I14: N/A | J14: NO | K14: NO | L14: YES | M14: NO | N14: NO | O14: NO | P14: NO | Q14: NO | R14: NO | S14: N/A | T14: NO | U14: N/A | V14: YES | W14: YES | X14: YES | Y14: YES | Z14: YES | AA14: NO | AB14: NO | AC14: NO | AD14: NO | AE14: NO | AF14: NO | AG14: N/A | AH14: NO | AI14: NO | AJ14: N/A | AK14: NO | AL14: N/A | AM14: NO | AN14: N/A | AO14: NO | AP14: NO | AQ14: NO | AR14: NO | AS14: NO | AT14: NO | AU14: NO | AV14: NO | AW14: N/A | AX14: NO | AY14: N/A | AZ14: NO | BA14: NO | BB14: NO | BC14: NO | BD14: N/A | BE14: NO | BF14: NO | BG14: N/A | BH14: NO | BI14: NO | BJ14: NO | BK14: NO | BL14: N/A | BM14: NO | BN14: N/A | BO14: NO | BP14: NO | BQ14: NO | BR14: NO | BS14: NO | BT14: NO | BU14: NO | BV14: N/A | BW14: NO | BX14: NO | BY14: NO | BZ14: NO | CA14: NO | CB14: NO | CC14: NO | CD14: NO | CE14: NO | CF14: NO | CG14: NO | CH14: NO | CI14: NO | CJ14: NO | CK14: NO | CL14: NO | CM14: YES | CN14: NO | CO14: NO | CP14: NO | CQ14: NO | CR14: NO | CS14: NO | CT14: NO | CU14: NO | CV14: NO | CW14: NO | CX14: NO | CY14: NO | CZ14: NO | DA14: NO | DB14: NO | DC14: NO | DD14: NO | DE14: NO | DF14: NO | DG14: NO | DH14: NO | DI14: NO | DJ14: NO | DK14: NO | DL14: N/A | DM14: NO | DN14: NO | DO14: NO | DP14: NO | DQ14: NO | DR14: NO | DS14: N/A | DT14: NO | DU14: NO | DV14: NO | DW14: NO | DX14: NO | DY14: N/A | DZ14: NO | EA14: NO | EB14: NO | EC14: NO | ED14: NO | EE14: N/A | EF14: NO | EG14: NO | EH14: NO | EI14: NO | EJ14: NO | EK14: N/A | EL14: NO | EM14: NO | EN14: NO | EO14: NO | EP14: NO | EQ14: N/A | ER14: NO | ES14: N/A | ET14: NO | EU14: NO | EV14: NO | EW14: NO | EX14: NO | EY14: NO | EZ14: N/A | FA14: NO | FB14: NO | FC14: NO | FD14: NO | FE14: NO | FF14: N/A | FG14: NO | FH14: NO | FI14: NO | FJ14: NO | FK14: NO | FL14: N/A | FM14: NO | FN14: NO | FO14: NO | FP14: NO | FQ14: NO | FR14: N/A | FS14: NO | FT14: NO | FU14: NO | FV14: NO | FW14: NO | FX14: N/A | FY14: NO | FZ14: N/A | GA14: NO | GB14: NO | GC14: NO | GD14: NO | GE14: NO | GF14: NO | GG14: NO | GH14: N/A | GI14: NO | GJ14: N/A
A15: can_002 | B15: 2024 | C15: YES | D15: YES | E15: NO | F15: NO | G15: NO | H15: NO | I15: N/A | J15: YES | K15: YES | L15: YES | M15: NO | N15: NO | O15: NO | P15: NO | Q15: NO | R15: NO | S15: N/A | T15: NO | U15: N/A | V15: YES | W15: YES | X15: YES | Y15: YES | Z15: YES | AA15: NO | AB15: NO | AC15: NO | AD15: NO | AE15: NO | AF15: NO | AG15: N/A | AH15: NO | AI15: NO | AJ15: N/A | AK15: NO | AL15: N/A | AM15: YES | AN15: take care of mental health | AO15: NO | AP15: NO | AQ15: NO | AR15: NO | AS15: NO | AT15: NO | AU15: NO | AV15: NO | AW15: N/A | AX15: NO | AY15: N/A | AZ15: NO | BA15: NO | BB15: NO | BC15: NO | BD15: N/A | BE15: NO | BF15: NO | BG15: N/A | BH15: NO | BI15: NO | BJ15: NO | BK15: NO | BL15: N/A | BM15: NO | BN15: N/A | BO15: NO | BP15: NO | BQ15: NO | BR15: NO | BS15: NO | BT15: NO | BU15: NO | BV15: N/A | BW15: YES | BX15: NO | BY15: NO | BZ15: NO | CA15: NO | CB15: NO | CC15: NO | CD15: NO | CE15: NO | CF15: NO | CG15: NO | CH15: YES | CI15: YES | CJ15: NO | CK15: NO | CL15: NO | CM15: YES | CN15: YES | CO15: NO | CP15: NO | CQ15: NO | CR15: NO | CS15: NO | CT15: NO | CU15: NO | CV15: NO | CW15: NO | CX15: YES | CY15: NO | CZ15: NO | DA15: YES | DB15: NO | DC15: NO | DD15: NO | DE15: NO | DF15: NO | DG15: NO | DH15: NO | DI15: NO | DJ15: NO | DK15: NO | DL15: N/A | DM15: NO | DN15: NO | DO15: NO | DP15: NO | DQ15: NO | DR15: NO | DS15: N/A | DT15: NO | DU15: NO | DV15: NO | DW15: NO | DX15: NO | DY15: N/A | DZ15: NO | EA15: NO | EB15: NO | EC15: NO | ED15: NO | EE15: N/A | EF15: NO | EG15: NO | EH15: NO | EI15: NO | EJ15: NO | EK15: N/A | EL15: NO | EM15: NO | EN15: NO | EO15: NO | EP15: NO | EQ15: N/A | ER15: NO | ES15: N/A | ET15: NO | EU15: NO | EV15: NO | EW15: NO | EX15: NO | EY15: NO | EZ15: N/A | FA15: NO | FB15: NO | FC15: NO | FD15: NO | FE15: NO | FF15: N/A | FG15: NO | FH15: NO | FI15: NO | FJ15: NO | FK15: NO | FL15: N/A | FM15: NO | FN15: NO | FO15: NO | FP15: NO | FQ15: NO | FR15: N/A | FS15: NO | FT15: NO | FU15: NO | FV15: NO | FW15: NO | FX15: N/A | FY15: NO | FZ15: N/A | GA15: NO | GB15: NO | GC15: NO | GD15: NO | GE15: NO | GF15: NO | GG15: NO | GH15: N/A | GI15: NO | GJ15: N/A
A16: can_003 | B16: 2024 | C16: YES | D16: YES | E16: NO | F16: NO | G16: NO | H16: NO | I16: N/A | J16: YES | K16: YES | L16: YES | M16: YES | N16: YES | O16: YES | P16: NO | Q16: NO | R16: NO | S16: N/A | T16: NO | U16: N/A | V16: YES | W16: YES | X16: YES | Y16: YES | Z16: YES | AA16: NO | AB16: NO | AC16: NO | AD16: NO | AE16: NO | AF16: YES | AG16: N/A | AH16: YES | AI16: NO | AJ16: N/A | AK16: NO | AL16: N/A | AM16: NO | AN16: N/A | AO16: NO | AP16: NO | AQ16: NO | AR16: NO | AS16: NO | AT16: NO | AU16: NO | AV16: NO | AW16: N/A | AX16: NO | AY16: N/A | AZ16: NO | BA16: NO | BB16: NO | BC16: NO | BD16: N/A | BE16: NO | BF16: NO | BG16: N/A | BH16: NO | BI16: NO | BJ16: NO | BK16: NO | BL16: N/A | BM16: NO | BN16: N/A | BO16: NO | BP16: NO | BQ16: NO | BR16: NO | BS16: NO | BT16: NO | BU16: NO | BV16: N/A | BW16: YES | BX16: YES | BY16: YES | BZ16: NO | CA16: NO | CB16: NO | CC16: NO | CD16: NO | CE16: NO | CF16: NO | CG16: NO | CH16: YES | CI16: YES | CJ16: NO | CK16: NO | CL16: NO | CM16: YES | CN16: NO | CO16: NO | CP16: NO | CQ16: NO | CR16: NO | CS16: NO | CT16: NO | CU16: NO | CV16: NO | CW16: NO | CX16: NO | CY16: NO | CZ16: NO | DA16: NO | DB16: NO | DC16: NO | DD16: NO | DE16: NO | DF16: NO | DG16: NO | DH16: NO | DI16: NO | DJ16: NO | DK16: NO | DL16: N/A | DM16: NO | DN16: NO | DO16: NO | DP16: NO | DQ16: NO | DR16: NO | DS16: N/A | DT16: NO | DU16: NO | DV16: NO | DW16: NO | DX16: NO | DY16: N/A | DZ16: NO | EA16: NO | EB16: NO | EC16: NO | ED16: NO | EE16: N/A | EF16: NO | EG16: NO | EH16: NO | EI16: NO | EJ16: NO | EK16: N/A | EL16: NO | EM16: NO | EN16: NO | EO16: NO | EP16: NO | EQ16: N/A | ER16: NO | ES16: N/A | ET16: NO | EU16: NO | EV16: NO | EW16: NO | EX16: NO | EY16: NO | EZ16: N/A | FA16: NO | FB16: NO | FC16: NO | FD16: NO | FE16: NO | FF16: N/A | FG16: NO | FH16: NO | FI16: NO | FJ16: NO | FK16: NO | FL16: N/A | FM16: NO | FN16: NO | FO16: NO | FP16: NO | FQ16: NO | FR16: N/A | FS16: NO | FT16: NO | FU16: NO | FV16: NO | FW16: NO | FX16: N/A | FY16: NO | FZ16: N/A | GA16: NO | GB16: NO | GC16: NO | GD16: NO | GE16: NO | GF16: NO | GG16: NO | GH16: N/A | GI16: NO | GJ16: N/A
A17: can_004 | B17: 2025 | C17: YES | D17: YES | E17: NO | F17: NO | G17: YES | H17: NO | I17: N/A | J17: YES | K17: YES | L17: YES | M17: YES | N17: YES | O17: YES | P17: NO | Q17: NO | R17: NO | S17: N/A | T17: NO | U17: N/A | V17: YES | W17: YES | X17: YES | Y17: YES | Z17: YES | AA17: NO | AB17: NO | AC17: NO | AD17: NO | AE17: NO | AF17: YES | AG17: N/A | AH17: YES | AI17: NO | AJ17: N/A | AK17: NO | AL17: N/A | AM17: YES | AN17: keep medications at home, discuss with physician, carbon monoxide alarms | AO17: NO | AP17: NO | AQ17: NO | AR17: NO | AS17: NO | AT17: NO | AU17: NO | AV17: NO | AW17: N/A | AX17: NO | AY17: N/A | AZ17: NO | BA17: NO | BB17: NO | BC17: NO | BD17: N/A | BE17: NO | BF17: NO | BG17: N/A | BH17: NO | BI17: NO | BJ17: NO | BK17: NO | BL17: N/A | BM17: NO | BN17: N/A | BO17: NO | BP17: NO | BQ17: NO | BR17: NO | BS17: NO | BT17: NO | BU17: NO | BV17: N/A | BW17: YES | BX17: YES | BY17: YES | BZ17: NO | CA17: NO | CB17: NO | CC17: NO | CD17: NO | CE17: NO | CF17: NO | CG17: NO | CH17: NO | CI17: NO | CJ17: NO | CK17: NO | CL17: NO | CM17: NO | CN17: NO | CO17: NO | CP17: NO | CQ17: NO | CR17: NO | CS17: NO | CT17: NO | CU17: NO | CV17: NO | CW17: NO | CX17: NO | CY17: NO | CZ17: NO | DA17: NO | DB17: NO | DC17: NO | DD17: NO | DE17: NO | DF17: NO | DG17: NO | DH17: NO | DI17: NO | DJ17: NO | DK17: NO | DL17: N/A | DM17: NO | DN17: NO | DO17: NO | DP17: NO | DQ17: NO | DR17: NO | DS17: N/A | DT17: NO | DU17: NO | DV17: NO | DW17: NO | DX17: NO | DY17: N/A | DZ17: NO | EA17: NO | EB17: NO | EC17: NO | ED17: NO | EE17: N/A | EF17: NO | EG17: NO | EH17: NO | EI17: NO | EJ17: NO | EK17: N/A | EL17: NO | EM17: NO | EN17: NO | EO17: NO | EP17: NO | EQ17: N/A | ER17: NO | ES17: N/A | ET17: NO | EU17: NO | EV17: NO | EW17: NO | EX17: NO | EY17: NO | EZ17: N/A | FA17: NO | FB17: NO | FC17: NO | FD17: NO | FE17: NO | FF17: N/A | FG17: NO | FH17: NO | FI17: NO | FJ17: NO | FK17: NO | FL17: N/A | FM17: NO | FN17: NO | FO17: NO | FP17: NO | FQ17: NO | FR17: N/A | FS17: NO | FT17: NO | FU17: NO | FV17: NO | FW17: NO | FX17: N/A | FY17: NO | FZ17: N/A | GA17: NO | GB17: NO | GC17: NO | GD17: NO | GE17: NO | GF17: NO | GG17: NO | GH17: N/A | GI17: NO | GJ17: N/A
A18: bccdc_001 | B18: 2024 | C18: YES | D18: YES | E18: YES | F18: NO | G18: NO | H18: NO | I18: N/A | J18: YES | K18: YES | L18: NO | M18: NO | N18: NO | O18: NO | P18: NO | Q18: NO | R18: NO | S18: N/A | T18: NO | U18: N/A | V18: NO | W18: NO | X18: NO | Y18: NO | Z18: NO | AA18: NO | AB18: NO | AC18: NO | AD18: NO | AE18: NO | AF18: NO | AG18: N/A | AH18: NO | AI18: NO | AJ18: N/A | AK18: NO | AL18: N/A | AM18: NO | AN18: N/A | AO18: NO | AP18: NO | AQ18: NO | AR18: NO | AS18: NO | AT18: NO | AU18: NO | AV18: NO | AW18: N/A | AX18: NO | AY18: N/A | AZ18: NO | BA18: NO | BB18: NO | BC18: NO | BD18: N/A | BE18: NO | BF18: NO | BG18: N/A | BH18: NO | BI18: NO | BJ18: NO | BK18: NO | BL18: N/A | BM18: NO | BN18: N/A | BO18: NO | BP18: NO | BQ18: NO | BR18: NO | BS18: NO | BT18: NO | BU18: NO | BV18: N/A | BW18: YES | BX18: YES | BY18: YES | BZ18: NO | CA18: NO | CB18: NO | CC18: YES | CD18: YES | CE18: NO | CF18: NO | CG18: NO | CH18: YES | CI18: YES | CJ18: NO | CK18: NO | CL18: NO | CM18: NO | CN18: NO | CO18: NO | CP18: NO | CQ18: NO | CR18: NO | CS18: NO | CT18: NO | CU18: NO | CV18: NO | CW18: NO | CX18: NO | CY18: NO | CZ18: NO | DA18: NO | DB18: NO | DC18: NO | DD18: NO | DE18: NO | DF18: NO | DG18: NO | DH18: NO | DI18: NO | DJ18: NO | DK18: NO | DL18: N/A | DM18: NO | DN18: NO | DO18: NO | DP18: NO | DQ18: NO | DR18: NO | DS18: N/A | DT18: NO | DU18: NO | DV18: NO | DW18: NO | DX18: NO | DY18: N/A | DZ18: NO | EA18: NO | EB18: NO | EC18: NO | ED18: NO | EE18: N/A | EF18: NO | EG18: NO | EH18: NO | EI18: NO | EJ18: NO | EK18: N/A | EL18: NO | EM18: NO | EN18: NO | EO18: NO | EP18: NO | EQ18: N/A | ER18: NO | ES18: N/A | ET18: NO | EU18: NO | EV18: NO | EW18: NO | EX18: NO | EY18: NO | EZ18: N/A | FA18: NO | FB18: NO | FC18: NO | FD18: NO | FE18: NO | FF18: N/A | FG18: NO | FH18: NO | FI18: NO | FJ18: NO | FK18: NO | FL18: N/A | FM18: NO | FN18: NO | FO18: NO | FP18: NO | FQ18: NO | FR18: N/A | FS18: NO | FT18: NO | FU18: NO | FV18: NO | FW18: NO | FX18: N/A | FY18: NO | FZ18: N/A | GA18: NO | GB18: NO | GC18: NO | GD18: NO | GE18: NO | GF18: NO | GG18: NO | GH18: N/A | GI18: NO | GJ18: N/A
A19: bccdc_002 | B19: 2024 | C19: YES | D19: YES | E19: YES | F19: NO | G19: NO | H19: NO | I19: N/A | J19: NO | K19: NO | L19: NO | M19: NO | N19: NO | O19: NO | P19: NO | Q19: NO | R19: NO | S19: N/A | T19: NO | U19: N/A | V19: YES | W19: YES | X19: YES | Y19: YES | Z19: YES | AA19: YES | AB19: YES | AC19: YES | AD19: NO | AE19: NO | AF19: NO | AG19: N/A | AH19: NO | AI19: NO | AJ19: N/A | AK19: NO | AL19: N/A | AM19: YES | AN19: rescue medications at home, air quality alerts subscription | AO19: NO | AP19: NO | AQ19: NO | AR19: NO | AS19: NO | AT19: NO | AU19: NO | AV19: NO | AW19: N/A | AX19: NO | AY19: N/A | AZ19: NO | BA19: NO | BB19: NO | BC19: NO | BD19: N/A | BE19: NO | BF19: NO | BG19: N/A | BH19: NO | BI19: NO | BJ19: NO | BK19: NO | BL19: N/A | BM19: NO | BN19: N/A | BO19: NO | BP19: NO | BQ19: NO | BR19: NO | BS19: NO | BT19: NO | BU19: NO | BV19: N/A | BW19: NO | BX19: NO | BY19: NO | BZ19: NO | CA19: NO | CB19: NO | CC19: NO | CD19: NO | CE19: NO | CF19: NO | CG19: NO | CH19: NO | CI19: NO | CJ19: NO | CK19: NO | CL19: NO | CM19: NO | CN19: NO | CO19: NO | CP19: NO | CQ19: NO | CR19: NO | CS19: NO | CT19: NO | CU19: NO | CV19: NO | CW19: NO | CX19: NO | CY19: NO | CZ19: NO | DA19: NO | DB19: NO | DC19: NO | DD19: NO | DE19: NO | DF19: NO | DG19: NO | DH19: NO | DI19: NO | DJ19: NO | DK19: NO | DL19: N/A | DM19: NO | DN19: NO | DO19: NO | DP19: NO | DQ19: NO | DR19: NO | DS19: N/A | DT19: NO | DU19: NO | DV19: NO | DW19: NO | DX19: NO | DY19: N/A | DZ19: NO | EA19: NO | EB19: NO | EC19: NO | ED19: NO | EE19: N/A | EF19: NO | EG19: NO | EH19: NO | EI19: NO | EJ19: NO | EK19: N/A | EL19: NO | EM19: NO | EN19: NO | EO19: NO | EP19: NO | EQ19: N/A | ER19: NO | ES19: N/A | ET19: NO | EU19: NO | EV19: NO | EW19: NO | EX19: NO | EY19: NO | EZ19: N/A | FA19: NO | FB19: NO | FC19: NO | FD19: NO | FE19: NO | FF19: N/A | FG19: NO | FH19: NO | FI19: NO | FJ19: NO | FK19: NO | FL19: N/A | FM19: NO | FN19: NO | FO19: NO | FP19: NO | FQ19: NO | FR19: N/A | FS19: NO | FT19: NO | FU19: NO | FV19: NO | FW19: NO | FX19: N/A | FY19: NO | FZ19: N/A | GA19: NO | GB19: NO | GC19: NO | GD19: NO | GE19: NO | GF19: NO | GG19: NO | GH19: N/A | GI19: NO | GJ19: N/A
A20: bccdc_003 | B20: 2024 | C20: YES | D20: YES | E20: YES | F20: NO | G20: NO | H20: NO | I20: N/A | J20: NO | K20: NO | L20: NO | M20: NO | N20: NO | O20: NO | P20: NO | Q20: NO | R20: NO | S20: N/A | T20: NO | U20: N/A | V20: NO | W20: NO | X20: NO | Y20: NO | Z20: NO | AA20: NO | AB20: NO | AC20: NO | AD20: NO | AE20: NO | AF20: NO | AG20: N/A | AH20: NO | AI20: NO | AJ20: N/A | AK20: NO | AL20: N/A | AM20: NO | AN20: N/A | AO20: NO | AP20: NO | AQ20: NO | AR20: NO | AS20: NO | AT20: NO | AU20: NO | AV20: NO | AW20: N/A | AX20: NO | AY20: N/A | AZ20: NO | BA20: NO | BB20: NO | BC20: NO | BD20: N/A | BE20: NO | BF20: NO | BG20: N/A | BH20: NO | BI20: NO | BJ20: NO | BK20: NO | BL20: N/A | BM20: NO | BN20: N/A | BO20: NO | BP20: NO | BQ20: NO | BR20: NO | BS20: NO | BT20: NO | BU20: NO | BV20: N/A | BW20: YES | BX20: YES | BY20: YES | BZ20: YES | CA20: YES | CB20: YES | CC20: NO | CD20: NO | CE20: NO | CF20: NO | CG20: NO | CH20: NO | CI20: NO | CJ20: NO | CK20: NO | CL20: NO | CM20: NO | CN20: YES | CO20: YES | CP20: YES | CQ20: NO | CR20: NO | CS20: YES | CT20: NO | CU20: NO | CV20: NO | CW20: NO | CX20: YES | CY20: NO | CZ20: YES | DA20: NO | DB20: NO | DC20: NO | DD20: NO | DE20: NO | DF20: NO | DG20: NO | DH20: NO | DI20: NO | DJ20: NO | DK20: NO | DL20: N/A | DM20: YES | DN20: YES | DO20: YES | DP20: NO | DQ20: NO | DR20: NO | DS20: 40-80% reduction in small/fine particles | DT20: NO | DU20: NO | DV20: NO | DW20: NO | DX20: NO | DY20: N/A | DZ20: NO | EA20: NO | EB20: NO | EC20: NO | ED20: NO | EE20: N/A | EF20: NO | EG20: NO | EH20: NO | EI20: NO | EJ20: NO | EK20: N/A | EL20: NO | EM20: NO | EN20: NO | EO20: NO | EP20: NO | EQ20: N/A | ER20: NO | ES20: N/A | ET20: NO | EU20: NO | EV20: NO | EW20: NO | EX20: NO | EY20: NO | EZ20: N/A | FA20: NO | FB20: NO | FC20: NO | FD20: NO | FE20: NO | FF20: N/A | FG20: NO | FH20: NO | FI20: NO | FJ20: NO | FK20: NO | FL20: N/A | FM20: NO | FN20: NO | FO20: NO | FP20: NO | FQ20: NO | FR20: N/A | FS20: NO | FT20: NO | FU20: NO | FV20: NO | FW20: NO | FX20: N/A | FY20: NO | FZ20: N/A | GA20: NO | GB20: NO | GC20: NO | GD20: NO | GE20: NO | GF20: NO | GG20: NO | GH20: N/A | GI20: NO | GJ20: N/A
A21: bccdc_004 | B21: 2025 | C21: YES | D21: NO | E21: NO | F21: NO | G21: NO | H21: NO | I21: N/A | J21: NO | K21: NO | L21: NO | M21: NO | N21: NO | O21: NO | P21: NO | Q21: NO | R21: NO | S21: N/A | T21: NO | U21: N/A | V21: YES | W21: YES | X21: YES | Y21: YES | Z21: YES | AA21: YES | AB21: YES | AC21: YES | AD21: NO | AE21: NO | AF21: NO | AG21: N/A | AH21: YES | AI21: NO | AJ21: N/A | AK21: NO | AL21: N/A | AM21: NO | AN21: N/A | AO21: NO | AP21: NO | AQ21: NO | AR21: NO | AS21: NO | AT21: NO | AU21: NO | AV21: NO | AW21: N/A | AX21: NO | AY21: N/A | AZ21: NO | BA21: NO | BB21: NO | BC21: NO | BD21: N/A | BE21: NO | BF21: NO | BG21: N/A | BH21: NO | BI21: NO | BJ21: NO | BK21: NO | BL21: N/A | BM21: NO | BN21: N/A | BO21: NO | BP21: NO | BQ21: NO | BR21: NO | BS21: NO | BT21: NO | BU21: NO | BV21: N/A | BW21: NO | BX21: YES | BY21: NO | BZ21: NO | CA21: NO | CB21: NO | CC21: NO | CD21: NO | CE21: NO | CF21: NO | CG21: NO | CH21: NO | CI21: NO | CJ21: NO | CK21: NO | CL21: NO | CM21: NO | CN21: NO | CO21: NO | CP21: NO | CQ21: NO | CR21: NO | CS21: NO | CT21: NO | CU21: NO | CV21: NO | CW21: NO | CX21: NO | CY21: NO | CZ21: NO | DA21: NO | DB21: NO | DC21: NO | DD21: NO | DE21: NO | DF21: NO | DG21: NO | DH21: NO | DI21: NO | DJ21: NO | DK21: NO | DL21: N/A | DM21: NO | DN21: NO | DO21: NO | DP21: NO | DQ21: NO | DR21: NO | DS21: N/A | DT21: NO | DU21: NO | DV21: NO | DW21: NO | DX21: NO | DY21: N/A | DZ21: NO | EA21: NO | EB21: NO | EC21: NO | ED21: NO | EE21: N/A | EF21: NO | EG21: NO | EH21: NO | EI21: NO | EJ21: NO | EK21: N/A | EL21: NO | EM21: NO | EN21: NO | EO21: NO | EP21: NO | EQ21: N/A | ER21: NO | ES21: N/A | ET21: NO | EU21: NO | EV21: NO | EW21: NO | EX21: NO | EY21: NO | EZ21: N/A | FA21: NO | FB21: NO | FC21: NO | FD21: NO | FE21: NO | FF21: N/A | FG21: NO | FH21: NO | FI21: NO | FJ21: NO | FK21: NO | FL21: N/A | FM21: NO | FN21: NO | FO21: NO | FP21: NO | FQ21: NO | FR21: N/A | FS21: NO | FT21: NO | FU21: NO | FV21: NO | FW21: NO | FX21: N/A | FY21: NO | FZ21: N/A | GA21: NO | GB21: NO | GC21: NO | GD21: NO | GE21: NO | GF21: NO | GG21: NO | GH21: N/A | GI21: NO | GJ21: N/A
A22: bccdc_005 | B22: 2024 | C22: YES | D22: NO | E22: NO | F22: NO | G22: NO | H22: NO | I22: N/A | J22: NO | K22: NO | L22: NO | M22: NO | N22: NO | O22: NO | P22: NO | Q22: NO | R22: NO | S22: N/A | T22: NO | U22: N/A | V22: NO | W22: NO | X22: NO | Y22: NO | Z22: NO | AA22: NO | AB22: NO | AC22: NO | AD22: NO | AE22: NO | AF22: NO | AG22: N/A | AH22: NO | AI22: NO | AJ22: N/A | AK22: NO | AL22: N/A | AM22: NO | AN22: N/A | AO22: NO | AP22: NO | AQ22: NO | AR22: NO | AS22: NO | AT22: NO | AU22: NO | AV22: NO | AW22: N/A | AX22: NO | AY22: N/A | AZ22: NO | BA22: NO | BB22: NO | BC22: NO | BD22: N/A | BE22: NO | BF22: NO | BG22: N/A | BH22: NO | BI22: NO | BJ22: NO | BK22: NO | BL22: N/A | BM22: NO | BN22: N/A | BO22: NO | BP22: NO | BQ22: NO | BR22: NO | BS22: NO | BT22: NO | BU22: NO | BV22: N/A | BW22: NO | BX22: NO | BY22: NO | BZ22: NO | CA22: NO | CB22: NO | CC22: NO | CD22: NO | CE22: NO | CF22: NO | CG22: NO | CH22: NO | CI22: NO | CJ22: NO | CK22: NO | CL22: NO | CM22: NO | CN22: NO | CO22: NO | CP22: NO | CQ22: NO | CR22: NO | CS22: NO | CT22: NO | CU22: NO | CV22: NO | CW22: NO | CX22: NO | CY22: NO | CZ22: NO | DA22: NO | DB22: NO | DC22: NO | DD22: NO | DE22: NO | DF22: NO | DG22: NO | DH22: NO | DI22: NO | DJ22: NO | DK22: NO | DL22: N/A | DM22: NO | DN22: NO | DO22: NO | DP22: NO | DQ22: NO | DR22: NO | DS22: N/A | DT22: NO | DU22: NO | DV22: NO | DW22: NO | DX22: NO | DY22: N/A | DZ22: NO | EA22: NO | EB22: NO | EC22: NO | ED22: NO | EE22: N/A | EF22: NO | EG22: NO | EH22: NO | EI22: NO | EJ22: NO | EK22: N/A | EL22: NO | EM22: NO | EN22: NO | EO22: NO | EP22: NO | EQ22: N/A | ER22: NO | ES22: N/A | ET22: NO | EU22: NO | EV22: NO | EW22: NO | EX22: NO | EY22: NO | EZ22: N/A | FA22: NO | FB22: NO | FC22: NO | FD22: NO | FE22: NO | FF22: N/A | FG22: NO | FH22: NO | FI22: NO | FJ22: NO | FK22: NO | FL22: N/A | FM22: NO | FN22: NO | FO22: NO | FP22: NO | FQ22: NO | FR22: N/A | FS22: NO | FT22: NO | FU22: NO | FV22: NO | FW22: NO | FX22: N/A | FY22: NO | FZ22: N/A | GA22: NO | GB22: NO | GC22: NO | GD22: NO | GE22: NO | GF22: NO | GG22: NO | GH22: N/A | GI22: NO | GJ22: N/A
A23: bccdc_006 | B23: 2024 | C23: YES | D23: NO | E23: NO | F23: NO | G23: NO | H23: NO | I23: N/A | J23: YES | K23: YES | L23: NO | M23: NO | N23: NO | O23: NO | P23: NO | Q23: NO | R23: NO | S23: N/A | T23: NO | U23: N/A | V23: NO | W23: NO | X23: NO | Y23: NO | Z23: NO | AA23: NO | AB23: NO | AC23: NO | AD23: NO | AE23: NO | AF23: NO | AG23: N/A | AH23: NO | AI23: NO | AJ23: N/A | AK23: NO | AL23: N/A | AM23: NO | AN23: N/A | AO23: NO | AP23: NO | AQ23: NO | AR23: NO | AS23: NO | AT23: NO | AU23: NO | AV23: NO | AW23: N/A | AX23: NO | AY23: N/A | AZ23: NO | BA23: NO | BB23: NO | BC23: NO | BD23: N/A | BE23: NO | BF23: NO | BG23: N/A | BH23: NO | BI23: NO | BJ23: NO | BK23: NO | BL23: N/A | BM23: NO | BN23: N/A | BO23: NO | BP23: NO | BQ23: NO | BR23: NO | BS23: NO | BT23: NO | BU23: NO | BV23: N/A | BW23: NO | BX23: NO | BY23: NO | BZ23: NO | CA23: NO | CB23: NO | CC23: NO | CD23: NO | CE23: NO | CF23: NO | CG23: NO | CH23: NO | CI23: NO | CJ23: NO | CK23: NO | CL23: NO | CM23: NO | CN23: NO | CO23: NO | CP23: NO | CQ23: NO | CR23: NO | CS23: NO | CT23: NO | CU23: NO | CV23: NO | CW23: NO | CX23: NO | CY23: NO | CZ23: NO | DA23: NO | DB23: NO | DC23: NO | DD23: NO | DE23: NO | DF23: NO | DG23: NO | DH23: NO | DI23: NO | DJ23: NO | DK23: NO | DL23: N/A | DM23: NO | DN23: NO | DO23: NO | DP23: NO | DQ23: NO | DR23: NO | DS23: N/A | DT23: NO | DU23: NO | DV23: NO | DW23: NO | DX23: NO | DY23: N/A | DZ23: NO | EA23: NO | EB23: NO | EC23: NO | ED23: NO | EE23: N/A | EF23: NO | EG23: NO | EH23: NO | EI23: NO | EJ23: NO | EK23: N/A | EL23: NO | EM23: NO | EN23: NO | EO23: NO | EP23: NO | EQ23: N/A | ER23: NO | ES23: N/A | ET23: NO | EU23: NO | EV23: NO | EW23: NO | EX23: NO | EY23: NO | EZ23: N/A | FA23: NO | FB23: NO | FC23: NO | FD23: NO | FE23: NO | FF23: N/A | FG23: NO | FH23: NO | FI23: NO | FJ23: NO | FK23: NO | FL23: N/A | FM23: NO | FN23: NO | FO23: NO | FP23: NO | FQ23: NO | FR23: N/A | FS23: NO | FT23: NO | FU23: NO | FV23: NO | FW23: NO | FX23: N/A | FY23: NO | FZ23: N/A | GA23: NO | GB23: NO | GC23: NO | GD23: NO | GE23: NO | GF23: NO | GG23: NO | GH23: N/A | GI23: NO | GJ23: N/A
A24: bccdc_007 | B24: 2024 | C24: YES | D24: NO | E24: NO | F24: NO | G24: NO | H24: NO | I24: N/A | J24: NO | K24: NO | L24: NO | M24: NO | N24: NO | O24: NO | P24: NO | Q24: NO | R24: NO | S24: N/A | T24: NO | U24: N/A | V24: YES | W24: NO | X24: NO | Y24: YES | Z24: YES | AA24: YES | AB24: NO | AC24: NO | AD24: NO | AE24: NO | AF24: YES | AG24: N/A | AH24: NO | AI24: NO | AJ24: N/A | AK24: NO | AL24: N/A | AM24: NO | AN24: N/A | AO24: NO | AP24: NO | AQ24: NO | AR24: NO | AS24: NO | AT24: NO | AU24: NO | AV24: NO | AW24: N/A | AX24: NO | AY24: N/A | AZ24: NO | BA24: NO | BB24: NO | BC24: NO | BD24: N/A | BE24: NO | BF24: NO | BG24: N/A | BH24: NO | BI24: NO | BJ24: NO | BK24: NO | BL24: N/A | BM24: NO | BN24: N/A | BO24: NO | BP24: NO | BQ24: NO | BR24: NO | BS24: NO | BT24: NO | BU24: NO | BV24: N/A | BW24: NO | BX24: NO | BY24: NO | BZ24: NO | CA24: NO | CB24: NO | CC24: NO | CD24: NO | CE24: NO | CF24: NO | CG24: NO | CH24: NO | CI24: NO | CJ24: NO | CK24: NO | CL24: NO | CM24: NO | CN24: NO | CO24: NO | CP24: NO | CQ24: NO | CR24: NO | CS24: NO | CT24: NO | CU24: NO | CV24: NO | CW24: NO | CX24: NO | CY24: NO | CZ24: NO | DA24: NO | DB24: NO | DC24: NO | DD24: NO | DE24: NO | DF24: NO | DG24: NO | DH24: NO | DI24: NO | DJ24: NO | DK24: NO | DL24: N/A | DM24: NO | DN24: NO | DO24: NO | DP24: NO | DQ24: NO | DR24: NO | DS24: N/A | DT24: NO | DU24: NO | DV24: NO | DW24: NO | DX24: NO | DY24: N/A | DZ24: NO | EA24: NO | EB24: NO | EC24: NO | ED24: NO | EE24: N/A | EF24: NO | EG24: NO | EH24: NO | EI24: NO | EJ24: NO | EK24: N/A | EL24: NO | EM24: NO | EN24: NO | EO24: NO | EP24: NO | EQ24: N/A | ER24: NO | ES24: N/A | ET24: NO | EU24: NO | EV24: NO | EW24: NO | EX24: NO | EY24: NO | EZ24: N/A | FA24: NO | FB24: NO | FC24: NO | FD24: NO | FE24: NO | FF24: N/A | FG24: NO | FH24: NO | FI24: NO | FJ24: NO | FK24: NO | FL24: N/A | FM24: NO | FN24: NO | FO24: NO | FP24: NO | FQ24: NO | FR24: N/A | FS24: NO | FT24: NO | FU24: NO | FV24: NO | FW24: NO | FX24: N/A | FY24: NO | FZ24: N/A | GA24: NO | GB24: NO | GC24: NO | GD24: NO | GE24: NO | GF24: NO | GG24: NO | GH24: N/A | GI24: NO | GJ24: N/A
A25: bccdc_008 | B25: 2024 | C25: YES | D25: NO | E25: NO | F25: NO | G25: NO | H25: NO | I25: N/A | J25: NO | K25: NO | L25: NO | M25: YES | N25: YES | O25: YES | P25: YES | Q25: NO | R25: YES | S25: N/A | T25: NO | U25: N/A | V25: NO | W25: NO | X25: NO | Y25: NO | Z25: YES | AA25: YES | AB25: NO | AC25: NO | AD25: NO | AE25: NO | AF25: NO | AG25: N/A | AH25: NO | AI25: NO | AJ25: N/A | AK25: NO | AL25: N/A | AM25: NO | AN25: N/A | AO25: NO | AP25: NO | AQ25: NO | AR25: NO | AS25: NO | AT25: NO | AU25: NO | AV25: NO | AW25: N/A | AX25: NO | AY25: N/A | AZ25: NO | BA25: NO | BB25: NO | BC25: NO | BD25: N/A | BE25: NO | BF25: NO | BG25: N/A | BH25: NO | BI25: NO | BJ25: NO | BK25: NO | BL25: N/A | BM25: NO | BN25: N/A | BO25: NO | BP25: NO | BQ25: NO | BR25: NO | BS25: NO | BT25: NO | BU25: NO | BV25: N/A | BW25: YES | BX25: NO | BY25: NO | BZ25: NO | CA25: NO | CB25: NO | CC25: NO | CD25: NO | CE25: NO | CF25: NO | CG25: NO | CH25: NO | CI25: NO | CJ25: NO | CK25: NO | CL25: NO | CM25: NO | CN25: YES | CO25: NO | CP25: NO | CQ25: NO | CR25: NO | CS25: NO | CT25: NO | CU25: NO | CV25: NO | CW25: NO | CX25: NO | CY25: NO | CZ25: NO | DA25: NO | DB25: NO | DC25: NO | DD25: NO | DE25: NO | DF25: YES | DG25: NO | DH25: YES | DI25: NO | DJ25: YES | DK25: NO | DL25: N/A | DM25: YES | DN25: NO | DO25: NO | DP25: NO | DQ25: NO | DR25: NO | DS25: N/A | DT25: NO | DU25: NO | DV25: NO | DW25: NO | DX25: NO | DY25: N/A | DZ25: NO | EA25: NO | EB25: NO | EC25: NO | ED25: NO | EE25: N/A | EF25: NO | EG25: NO | EH25: NO | EI25: NO | EJ25: NO | EK25: N/A | EL25: YES | EM25: YES | EN25: NO | EO25: NO | EP25: NO | EQ25: 0.9 | ER25: NO | ES25: N/A | ET25: NO | EU25: NO | EV25: NO | EW25: NO | EX25: NO | EY25: NO | EZ25: N/A | FA25: NO | FB25: NO | FC25: NO | FD25: NO | FE25: NO | FF25: N/A | FG25: NO | FH25: NO | FI25: NO | FJ25: NO | FK25: NO | FL25: N/A | FM25: NO | FN25: NO | FO25: NO | FP25: NO | FQ25: NO | FR25: N/A | FS25: NO | FT25: NO | FU25: NO | FV25: NO | FW25: NO | FX25: N/A | FY25: NO | FZ25: N/A | GA25: NO | GB25: NO | GC25: NO | GD25: NO | GE25: NO | GF25: NO | GG25: NO | GH25: N/A | GI25: NO | GJ25: N/A
A26: bccdc_009 | B26: 2024 | C26: YES | D26: NO | E26: NO | F26: NO | G26: NO | H26: NO | I26: N/A | J26: NO | K26: NO | L26: NO | M26: NO | N26: NO | O26: NO | P26: NO | Q26: NO | R26: NO | S26: N/A | T26: NO | U26: N/A | V26: YES | W26: YES | X26: YES | Y26: NO | Z26: NO | AA26: YES | AB26: NO | AC26: NO | AD26: NO | AE26: NO | AF26: YES | AG26: seek cleaner air, wear a mask or respirator outdoors | AH26: NO | AI26: NO | AJ26: N/A | AK26: NO | AL26: N/A | AM26: NO | AN26: N/A | AO26: NO | AP26: NO | AQ26: NO | AR26: NO | AS26: NO | AT26: NO | AU26: NO | AV26: NO | AW26: N/A | AX26: NO | AY26: N/A | AZ26: NO | BA26: NO | BB26: NO | BC26: NO | BD26: N/A | BE26: NO | BF26: NO | BG26: N/A | BH26: NO | BI26: NO | BJ26: NO | BK26: NO | BL26: N/A | BM26: NO | BN26: N/A | BO26: NO | BP26: NO | BQ26: NO | BR26: NO | BS26: NO | BT26: NO | BU26: NO | BV26: N/A | BW26: YES | BX26: NO | BY26: NO | BZ26: NO | CA26: NO | CB26: NO | CC26: YES | CD26: NO | CE26: NO | CF26: YES | CG26: NO | CH26: YES | CI26: NO | CJ26: NO | CK26: YES | CL26: NO | CM26: NO | CN26: NO | CO26: NO | CP26: NO | CQ26: NO | CR26: NO | CS26: NO | CT26: NO | CU26: NO | CV26: NO | CW26: NO | CX26: NO | CY26: NO | CZ26: NO | DA26: NO | DB26: NO | DC26: NO | DD26: NO | DE26: NO | DF26: NO | DG26: NO | DH26: NO | DI26: NO | DJ26: NO | DK26: NO | DL26: N/A | DM26: NO | DN26: NO | DO26: NO | DP26: NO | DQ26: NO | DR26: NO | DS26: N/A | DT26: NO | DU26: NO | DV26: NO | DW26: NO | DX26: NO | DY26: N/A | DZ26: NO | EA26: NO | EB26: NO | EC26: NO | ED26: NO | EE26: N/A | EF26: NO | EG26: NO | EH26: NO | EI26: NO | EJ26: NO | EK26: N/A | EL26: NO | EM26: NO | EN26: NO | EO26: NO | EP26: NO | EQ26: N/A | ER26: NO | ES26: N/A | ET26: NO | EU26: NO | EV26: NO | EW26: NO | EX26: NO | EY26: NO | EZ26: N/A | FA26: NO | FB26: NO | FC26: NO | FD26: NO | FE26: NO | FF26: N/A | FG26: NO | FH26: NO | FI26: NO | FJ26: NO | FK26: NO | FL26: N/A | FM26: NO | FN26: NO | FO26: NO | FP26: NO | FQ26: NO | FR26: N/A | FS26: NO | FT26: NO | FU26: NO | FV26: NO | FW26: NO | FX26: N/A | FY26: NO | FZ26: N/A | GA26: NO | GB26: NO | GC26: NO | GD26: NO | GE26: NO | GF26: NO | GG26: NO | GH26: N/A | GI26: NO | GJ26: N/A
A27: bccdc_010 | B27: 2024 | C27: YES | D27: YES | E27: YES | F27: YES | G27: NO | H27: NO | I27: N/A | J27: NO | K27: NO | L27: NO | M27: YES | N27: NO | O27: NO | P27: NO | Q27: NO | R27: NO | S27: N/A | T27: NO | U27: N/A | V27: YES | W27: YES | X27: NO | Y27: NO | Z27: NO | AA27: NO | AB27: NO | AC27: NO | AD27: NO | AE27: NO | AF27: YES | AG27: go outside with lower wildfire smoke | AH27: NO | AI27: NO | AJ27: N/A | AK27: NO | AL27: N/A | AM27: NO | AN27: N/A | AO27: YES | AP27: NO | AQ27: NO | AR27: NO | AS27: YES | AT27: YES | AU27: NO | AV27: NO | AW27: N/A | AX27: NO | AY27: N/A | AZ27: NO | BA27: NO | BB27: NO | BC27: NO | BD27: N/A | BE27: NO | BF27: NO | BG27: N/A | BH27: NO | BI27: NO | BJ27: NO | BK27: NO | BL27: N/A | BM27: NO | BN27: N/A | BO27: NO | BP27: NO | BQ27: NO | BR27: NO | BS27: NO | BT27: NO | BU27: NO | BV27: N/A | BW27: NO | BX27: NO | BY27: NO | BZ27: NO | CA27: NO | CB27: NO | CC27: NO | CD27: NO | CE27: NO | CF27: NO | CG27: NO | CH27: NO | CI27: NO | CJ27: NO | CK27: NO | CL27: NO | CM27: NO | CN27: YES | CO27: NO | CP27: NO | CQ27: NO | CR27: NO | CS27: NO | CT27: NO | CU27: NO | CV27: NO | CW27: NO | CX27: NO | CY27: NO | CZ27: NO | DA27: NO | DB27: NO | DC27: NO | DD27: NO | DE27: NO | DF27: YES | DG27: NO | DH27: NO | DI27: NO | DJ27: YES | DK27: NO | DL27: N/A | DM27: NO | DN27: NO | DO27: NO | DP27: NO | DQ27: NO | DR27: NO | DS27: N/A | DT27: NO | DU27: NO | DV27: NO | DW27: NO | DX27: NO | DY27: N/A | DZ27: NO | EA27: NO | EB27: NO | EC27: NO | ED27: NO | EE27: N/A | EF27: NO | EG27: NO | EH27: NO | EI27: NO | EJ27: NO | EK27: N/A | EL27: NO | EM27: NO | EN27: NO | EO27: NO | EP27: NO | EQ27: N/A | ER27: NO | ES27: N/A | ET27: NO | EU27: NO | EV27: NO | EW27: NO | EX27: NO | EY27: NO | EZ27: N/A | FA27: NO | FB27: NO | FC27: NO | FD27: NO | FE27: NO | FF27: N/A | FG27: NO | FH27: NO | FI27: NO | FJ27: NO | FK27: NO | FL27: N/A | FM27: NO | FN27: NO | FO27: NO | FP27: NO | FQ27: NO | FR27: N/A | FS27: NO | FT27: NO | FU27: NO | FV27: NO | FW27: NO | FX27: N/A | FY27: NO | FZ27: N/A | GA27: NO | GB27: NO | GC27: NO | GD27: NO | GE27: NO | GF27: NO | GG27: NO | GH27: N/A | GI27: NO | GJ27: N/A
A28: bccdc_011 | B28: 2025 | C28: YES | D28: YES | E28: YES | F28: YES | G28: NO | H28: YES | I28: MERV 13 | J28: NO | K28: NO | L28: NO | M28: NO | N28: NO | O28: NO | P28: NO | Q28: NO | R28: NO | S28: N/A | T28: NO | U28: N/A | V28: NO | W28: NO | X28: NO | Y28: NO | Z28: NO | AA28: NO | AB28: NO | AC28: NO | AD28: NO | AE28: NO | AF28: NO | AG28: N/A | AH28: NO | AI28: NO | AJ28: N/A | AK28: NO | AL28: N/A | AM28: NO | AN28: N/A | AO28: NO | AP28: NO | AQ28: NO | AR28: NO | AS28: NO | AT28: NO | AU28: NO | AV28: NO | AW28: N/A | AX28: NO | AY28: N/A | AZ28: NO | BA28: NO | BB28: NO | BC28: NO | BD28: N/A | BE28: NO | BF28: NO | BG28: N/A | BH28: NO | BI28: NO | BJ28: NO | BK28: NO | BL28: N/A | BM28: NO | BN28: N/A | BO28: NO | BP28: NO | BQ28: NO | BR28: NO | BS28: NO | BT28: NO | BU28: NO | BV28: N/A | BW28: YES | BX28: NO | BY28: NO | BZ28: NO | CA28: NO | CB28: NO | CC28: YES | CD28: NO | CE28: NO | CF28: YES | CG28: NO | CH28: NO | CI28: NO | CJ28: NO | CK28: NO | CL28: NO | CM28: NO | CN28: YES | CO28: YES | CP28: YES | CQ28: NO | CR28: NO | CS28: NO | CT28: YES | CU28: NO | CV28: NO | CW28: YES | CX28: NO | CY28: NO | CZ28: NO | DA28: NO | DB28: NO | DC28: NO | DD28: NO | DE28: NO | DF28: NO | DG28: NO | DH28: NO | DI28: NO | DJ28: NO | DK28: NO | DL28: N/A | DM28: NO | DN28: NO | DO28: NO | DP28: NO | DQ28: NO | DR28: NO | DS28: N/A | DT28: NO | DU28: NO | DV28: NO | DW28: NO | DX28: NO | DY28: N/A | DZ28: NO | EA28: NO | EB28: NO | EC28: NO | ED28: NO | EE28: N/A | EF28: NO | EG28: NO | EH28: NO | EI28: NO | EJ28: NO | EK28: N/A | EL28: NO | EM28: NO | EN28: NO | EO28: NO | EP28: NO | EQ28: N/A | ER28: NO | ES28: N/A | ET28: NO | EU28: NO | EV28: NO | EW28: NO | EX28: NO | EY28: NO | EZ28: N/A | FA28: NO | FB28: NO | FC28: NO | FD28: NO | FE28: NO | FF28: N/A | FG28: NO | FH28: NO | FI28: NO | FJ28: NO | FK28: NO | FL28: N/A | FM28: NO | FN28: NO | FO28: NO | FP28: NO | FQ28: NO | FR28: N/A | FS28: NO | FT28: NO | FU28: NO | FV28: NO | FW28: NO | FX28: N/A | FY28: NO | FZ28: N/A | GA28: NO | GB28: NO | GC28: NO | GD28: NO | GE28: NO | GF28: NO | GG28: NO | GH28: N/A | GI28: NO | GJ28: N/A
A29: bccdc_012 | B29: 2025 | C29: YES | D29: YES | E29: YES | F29: YES | G29: NO | H29: YES | I29: N/A | J29: NO | K29: NO | L29: NO | M29: NO | N29: NO | O29: NO | P29: NO | Q29: NO | R29: NO | S29: N/A | T29: NO | U29: N/A | V29: YES | W29: YES | X29: YES | Y29: YES | Z29: YES | AA29: YES | AB29: NO | AC29: NO | AD29: NO | AE29: NO | AF29: YES | AG29: varies, depending on aqhi | AH29: NO | AI29: NO | AJ29: N/A | AK29: NO | AL29: N/A | AM29: YES | AN29: contingency plan for wildfire smoke for planned outdoor activities | AO29: NO | AP29: NO | AQ29: NO | AR29: NO | AS29: NO | AT29: NO | AU29: NO | AV29: NO | AW29: N/A | AX29: NO | AY29: N/A | AZ29: NO | BA29: NO | BB29: NO | BC29: NO | BD29: N/A | BE29: NO | BF29: NO | BG29: N/A | BH29: NO | BI29: NO | BJ29: NO | BK29: NO | BL29: N/A | BM29: NO | BN29: N/A | BO29: NO | BP29: NO | BQ29: NO | BR29: NO | BS29: NO | BT29: NO | BU29: NO | BV29: N/A | BW29: YES | BX29: NO | BY29: NO | BZ29: NO | CA29: NO | CB29: NO | CC29: NO | CD29: NO | CE29: NO | CF29: NO | CG29: NO | CH29: NO | CI29: NO | CJ29: NO | CK29: NO | CL29: NO | CM29: NO | CN29: NO | CO29: NO | CP29: NO | CQ29: NO | CR29: NO | CS29: NO | CT29: YES | CU29: NO | CV29: NO | CW29: NO | CX29: NO | CY29: NO | CZ29: NO | DA29: NO | DB29: NO | DC29: NO | DD29: NO | DE29: NO | DF29: NO | DG29: NO | DH29: NO | DI29: NO | DJ29: NO | DK29: NO | DL29: N/A | DM29: NO | DN29: NO | DO29: NO | DP29: NO | DQ29: NO | DR29: NO | DS29: N/A | DT29: NO | DU29: NO | DV29: NO | DW29: NO | DX29: NO | DY29: N/A | DZ29: NO | EA29: NO | EB29: NO | EC29: NO | ED29: NO | EE29: N/A | EF29: NO | EG29: NO | EH29: NO | EI29: NO | EJ29: NO | EK29: N/A | EL29: NO | EM29: NO | EN29: NO | EO29: NO | EP29: NO | EQ29: N/A | ER29: NO | ES29: N/A | ET29: NO | EU29: NO | EV29: NO | EW29: NO | EX29: NO | EY29: NO | EZ29: N/A | FA29: NO | FB29: NO | FC29: NO | FD29: NO | FE29: NO | FF29: N/A | FG29: NO | FH29: NO | FI29: NO | FJ29: NO | FK29: NO | FL29: N/A | FM29: NO | FN29: NO | FO29: NO | FP29: NO | FQ29: NO | FR29: N/A | FS29: NO | FT29: NO | FU29: NO | FV29: NO | FW29: NO | FX29: N/A | FY29: NO | FZ29: N/A | GA29: NO | GB29: NO | GC29: NO | GD29: NO | GE29: NO | GF29: NO | GG29: NO | GH29: N/A | GI29: NO | GJ29: N/A
A30: bccdc_013 | B30: 2025 | C30: YES | D30: YES | E30: YES | F30: YES | G30: NO | H30: YES | I30: MERV 13 | J30: NO | K30: NO | L30: NO | M30: NO | N30: NO | O30: NO | P30: NO | Q30: NO | R30: NO | S30: N/A | T30: NO | U30: N/A | V30: YES | W30: YES | X30: YES | Y30: YES | Z30: NO | AA30: YES | AB30: NO | AC30: NO | AD30: NO | AE30: NO | AF30: YES | AG30: varies, depending on aqhi | AH30: NO | AI30: NO | AJ30: N/A | AK30: NO | AL30: N/A | AM30: YES | AN30: wildfire smoke readiness plan for schools, records of students with chronic health conditions | AO30: YES | AP30: NO | AQ30: YES | AR30: NO | AS30: NO | AT30: NO | AU30: NO | AV30: NO | AW30: N/A | AX30: NO | AY30: N/A | AZ30: NO | BA30: NO | BB30: NO | BC30: NO | BD30: N/A | BE30: NO | BF30: NO | BG30: N/A | BH30: NO | BI30: NO | BJ30: NO | BK30: NO | BL30: N/A | BM30: NO | BN30: N/A | BO30: NO | BP30: NO | BQ30: NO | BR30: NO | BS30: NO | BT30: NO | BU30: NO | BV30: N/A | BW30: NO | BX30: NO | BY30: NO | BZ30: NO | CA30: NO | CB30: NO | CC30: NO | CD30: NO | CE30: NO | CF30: NO | CG30: NO | CH30: NO | CI30: NO | CJ30: NO | CK30: NO | CL30: NO | CM30: NO | CN30: NO | CO30: NO | CP30: NO | CQ30: NO | CR30: NO | CS30: NO | CT30: YES | CU30: NO | CV30: NO | CW30: NO | CX30: NO | CY30: NO | CZ30: NO | DA30: NO | DB30: NO | DC30: NO | DD30: NO | DE30: NO | DF30: NO | DG30: NO | DH30: NO | DI30: NO | DJ30: NO | DK30: NO | DL30: N/A | DM30: NO | DN30: NO | DO30: NO | DP30: NO | DQ30: NO | DR30: NO | DS30: N/A | DT30: NO | DU30: NO | DV30: NO | DW30: NO | DX30: NO | DY30: N/A | DZ30: NO | EA30: NO | EB30: NO | EC30: NO | ED30: NO | EE30: N/A | EF30: NO | EG30: NO | EH30: NO | EI30: NO | EJ30: NO | EK30: N/A | EL30: NO | EM30: NO | EN30: NO | EO30: NO | EP30: NO | EQ30: N/A | ER30: NO | ES30: N/A | ET30: NO | EU30: NO | EV30: NO | EW30: NO | EX30: NO | EY30: NO | EZ30: N/A | FA30: NO | FB30: NO | FC30: NO | FD30: NO | FE30: NO | FF30: N/A | FG30: NO | FH30: NO | FI30: NO | FJ30: NO | FK30: NO | FL30: N/A | FM30: NO | FN30: NO | FO30: NO | FP30: NO | FQ30: NO | FR30: N/A | FS30: NO | FT30: NO | FU30: NO | FV30: NO | FW30: NO | FX30: N/A | FY30: NO | FZ30: 0 | GA30: NO | GB30: NO | GC30: NO | GD30: NO | GE30: NO | GF30: NO | GG30: NO | GH30: N/A | GI30: NO | GJ30: N/A

Sheet M_data_extraction
A2: doc_id | B2: source_name | C2: include_wfs_health_action | D2: use_air_cleaner | E2: use_HEPA_filter | F2: run_HVAC_continuous | G2: filter_air_vehicle | H2: run_HVAC_filter_specified | I2: run_HVAC_filter_type_txt | J2: reduce_outdoor_exercise | K2: stay_indoors | L2: stay_indoors_doors_windows_closed | M2: wear_mask | N2: wear_mask_N95 | O2: wear_mask_KN95 | P2: wear_mask_respirator | Q2: wear_mask_surgical | R2: wear_mask_against_specified | S2: wear_mask_against_txt | T2: wear_mask_other | U2: wear_mask_other_txt | V2: check_air_quality | W2: check_outdoor_AQ | X2: check_outdoor_AQ_method | Y2: check_outdoor_AQ_govt | Z2: check_outdoor_AQ_govt_ECCC | AA2: check_outdoor_AQ_govt_BC | AB2: check_outdoor_AQ_govt_FireSmoke | AC2: check_outdoor_AQ_crowdsource | AD2: check_outdoor_AQ_PurpleAir | AE2: check_outdoor_AQ_IQair | AF2: outdoor_AQ_action_specified | AG2: outdoor_AQ_action_txt | AH2: monitor_indoor_AQ | AI2: indoor_monitor_type_specified | AJ2: indoor_monitor_type_txt | AK2: indoor_monitor_action_specified | AL2: indoor_monitor_action_txt | AM2: other_health_action | AN2: other_health_action_txt | AO2: target_audience_present | AP2: target_audience_general_pop | AQ2: target_group_children_infants | AR2: target_group_older | AS2: target_group_pregnant | AT2: target_group_pregnant | AU2: target_group_current_lung_disease | AV2: target_group_current_other_health | AW2: target_group_current_other_health_txt | AX2: target_group_current_other | AY2: target_group_current_other_txt | AZ2: guidance_goal_present | BA2: guidance_goal_protect_health_general | BB2: guidance_goal_protect_lung_health | BC2: guidance_goal_protect_health_other | BD2: guidance_goal_protect_health_other_txt | BE2: guidance_goal_informs_decisions | BF2: guidance_goal_other | BG2: guidance_goal_other_txt | BH2: author_individual_level | BI2: author_names_present | BJ2: author_accreditation_present | BK2: author_additional_info_present | BL2: author_additional_info_txt | BM2: dev_process_described | BN2: dev_process_details_txt | BO2: multi_language_available | BP2: language_french | BQ2: language_chinese | BR2: language_hindi | BS2: language_punjabi | BT2: language_spanish | BU2: language_other_specified | BV2: language_other_txt | BW2: benefits_present | BX2: benefits_hepa | BY2: benefits_HEPA_improves_air_quality | BZ2: benefits_HEPA_improves_lung_health | CA2: benefits_HEPA_improves_other_health | CB2: benefits_HEPA_improves_other_non_health | CC2: benefits_DIY | CD2: benefits_DIY_improves_air_quality | CE2: benefits_DIY_improves_lung_health | CF2: benefits_DIY_improves_other_health | CG2: benefits_DIY_improves_other_non_health | CH2: benefits_indoor | CI2: benefits_indoor_improves_air_quality | CJ2: benefits_indoor_improves_lung_health | CK2: benefits_indoor_improves_other_health | CL2: benefits_indoor_improves_other_non_health | CM2: benefits_reduce_outdoor | CN2: bruden_present | CO2: burden_hepa | CP2: burden_HEPA_upfront_cost | CQ2: burden_HEPA_main_cost | CR2: burden_HEPA_noise | CS2: burden_HEPA_other | CT2: burden_diy | CU2: burden_diy_main_cost | CV2: burden_diy_noise | CW2: burden_diy_other | CX2: burden_indoor | CY2: burden_indoor_work | CZ2: burden_indoor_well_being | DA2: burden_indoor_other | DB2: burden_outdoor | DC2: burden_outdoor_work | DD2: burden_outdoor_well_being | DE2: burden_outdoor_other | DF2: burden_mask | DG2: burden_mask_work | DH2: burden_mask_well_being | DI2: burden_mask_cost | DJ2: burden_mask_other | DK2: burden_other | DL2: burden_other_txt | DM2: effectsize_present | DN2: effectsize_HEPA_present | DO2: effectsize_HEPA_air_quality | DP2: effectsize_HEPA_lung_health | DQ2: effectsize_HEPA_other_health | DR2: effectsize_HEPA_other | DS2: effectsize_HEPA_txt | DT2: effectsize_DIY_present | DU2: effectsize_DIY_air_quality | DV2: effectsize_DIY_lung_health | DW2: effectsize_DIY_other_health | DX2: effectsize_DIY_other | DY2: effectsize_DIY_txt | DZ2: effectsize_stay_indoors_present | EA2: effectsize_stay_indoors_reduce_exposure | EB2: effectsize_stay_indoors_lung_health | EC2: effectsize_stay_indoors_other_health | ED2: effectsize_stay_indoors_other | EE2: effectsize_stay_indoors_txt | EF2: effectsize_reduce_exercise_present | EG2: effectsize_reduce_exercise_reduce_exposure | EH2: effectsize_reduce_exercise_lung_health | EI2: effectsize_reduce_exercise_other_health | EJ2: effectsize_reduce_exercise_other | EK2: effectsize_reduce_exercise_txt | EL2: effectsize_mask_present | EM2: effectsize_mask_reduce_exposure | EN2: effectsize_mask_lung_health | EO2: effectsize_mask_other_health | EP2: effectsize_mask_other | EQ2: effectsize_mask_txt | ER2: effectsize_other_action_present | ES2: effectsize_other_action_txt | ET2: effectsize_burden_present | EU2: effectsize_burden_HEPA_present | EV2: effectsize_burden_HEPA_air_quality | EW2: effectsize_burden_HEPA_lung_health | EX2: effectsize_burden_HEPA_other_health | EY2: effectsize_burden_HEPA_other | EZ2: effectsize_burden_HEPA_txt | FA2: effectsize_burden_DIY_present | FB2: effectsize_burden_DIY_air_quality | FC2: effectsize_burden_DIY_lung_health | FD2: effectsize_burden_DIY_other_health | FE2: effectsize_burden_DIY_other | FF2: effectsize_burden_DIY_txt | FG2: effectsize_burden_stay_indoors_present | FH2: effectsize_burden_stay_indoors_reduce_exposure | FI2: effectsize_burden_stay_indoors_lung_health | FJ2: effectsize_burden_stay_indoors_other_health | FK2: effectsize_burden_stay_indoors_other | FL2: effectsize_burden_stay_indoors_txt | FM2: effectsize_burden_reduce_exercise_present | FN2: effectsize_burden_reduce_exercise_reduce_exposure | FO2: effectsize_burden_reduce_exercise_lung_health | FP2: effectsize_burden_reduce_exercise_other_health | FQ2: effectsize_burden_reduce_exercise_other | FR2: effectsize_burden_reduce_exercise_txt | FS2: effectsize_burden_mask_present | FT2: effectsize_burden_mask_reduce_exposure | FU2: effectsize_burden_mask_lung_health | FV2: effectsize_burden_mask_other_health | FW2: effectsize_burden_mask_other | FX2: effectsize_burden_mask_txt | FY2: effectsize_burden_other_action_present | FZ2: effectsize_burden_other_action_txt | GA2: evidence_quality_present | GB2: evidence_quality_HEPA | GC2: evidence_quality_DIY | GD2: evidence_quality_stay_indoors | GE2: evidence_quality_reduce_exercise | GF2: evidence_quality_mask | GG2: evidence_quality_other | GH2: evidence_quality_other_action_txt | GI2: references_scientific_publications | GJ2: references_scientific_publications_txt
A3: vch_001 | B3: 2022 | C3: YES | D3: YES | E3: YES | F3: NO | G3: NO | H3: NO | I3: 0 | J3: NO | K3: YES | L3: YES | M3: NO | N3: NO | O3: NO | P3: NO | Q3: NO | R3: NO | S3: 0 | T3: NO | U3: 0 | V3: NO | W3: NO | X3: NO | Y3: NO | Z3: NO | AA3: NO | AB3: NO | AC3: NO | AD3: NO | AE3: NO | AF3: NO | AG3: 0 | AH3: NO | AI3: NO | AJ3: 0 | AK3: NO | AL3: 0 | AM3: NO | AN3: 0 | AO3: NO | AP3: NO | AQ3: NO | AR3: NO | AS3: NO | AT3: NO | AU3: NO | AV3: NO | AW3: 0 | AX3: NO | AY3: 0 | AZ3: NO | BA3: NO | BB3: NO | BC3: NO | BD3: 0 | BE3: NO | BF3: NO | BG3: 0 | BH3: NO | BI3: NO | BJ3: NO | BK3: NO | BL3: N/A | BM3: NO | BN3: N/A | BO3: NO | BP3: NO | BQ3: NO | BR3: NO | BS3: NO | BT3: NO | BU3: NO | BV3: 0 | BW3: NO | BX3: YES | BY3: NO | BZ3: NO | CA3: NO | CB3: NO | CC3: NO | CD3: NO | CE3: NO | CF3: NO | CG3: NO | CH3: NO | CI3: NO | CJ3: NO | CK3: NO | CL3: NO | CM3: NO | CN3: YES | CO3: NO | CP3: NO | CQ3: NO | CR3: NO | CS3: NO | CT3: NO | CU3: NO | CV3: NO | CW3: NO | CX3: YES | CY3: NO | CZ3: NO | DA3: NO | DB3: NO | DC3: NO | DD3: NO | DE3: YES | DF3: NO | DG3: NO | DH3: NO | DI3: NO | DJ3: NO | DK3: NO | DL3: 0 | DM3: NO | DN3: NO | DO3: NO | DP3: NO | DQ3: NO | DR3: NO | DS3: 0 | DT3: NO | DU3: NO | DV3: NO | DW3: NO | DX3: NO | DY3: 0 | DZ3: NO | EA3: NO | EB3: NO | EC3: NO | ED3: NO | EE3: 0 | EF3: NO | EG3: NO | EH3: NO | EI3: NO | EJ3: NO | EK3: 0 | EL3: NO | EM3: NO | EN3: NO | EO3: NO | EP3: NO | EQ3: 0 | ER3: NO | ES3: 0 | ET3: NO | EU3: NO | EV3: NO | EW3: NO | EX3: NO | EY3: NO | EZ3: 0 | FA3: NO | FB3: NO | FC3: NO | FD3: NO | FE3: NO | FF3: 0 | FG3: NO | FH3: NO | FI3: NO | FJ3: NO | FK3: NO | FL3: N/A | FM3: NO | FN3: NO | FO3: NO | FP3: NO | FQ3: NO | FR3: N/A | FS3: NO | FT3: NO | FU3: NO | FV3: NO | FW3: NO | FX3: N/A | FY3: NO | FZ3: N/A | GA3: NO | GB3: NO | GC3: NO | GD3: NO | GE3: NO | GF3: NO | GG3: NO | GH3: N/A | GI3: NO | GJ3: 0
A4: vch_002 | B4: 2024 | C4: YES | D4: YES | E4: YES | F4: YES | G4: NO | H4: NO | I4: 0 | J4: YES | K4: YES | L4: YES | M4: NO | N4: NO | O4: NO | P4: NO | Q4: NO | R4: NO | S4: 0 | T4: NO | U4: 0 | V4: YES | W4: YES | X4: YES | Y4: YES | Z4: YES | AA4: NO | AB4: NO | AC4: NO | AD4: NO | AE4: NO | AF4: NO | AG4: 0 | AH4: YES | AI4: NO | AJ4: 0 | AK4: NO | AL4: 0 | AM4: NO | AN4: 0 | AO4: NO | AP4: NO | AQ4: NO | AR4: NO | AS4: NO | AT4: NO | AU4: NO | AV4: NO | AW4: 0 | AX4: NO | AY4: 0 | AZ4: NO | BA4: NO | BB4: NO | BC4: NO | BD4: 0 | BE4: NO | BF4: NO | BG4: 0 | BH4: NO | BI4: NO | BJ4: NO | BK4: NO | BL4: N/A | BM4: NO | BN4: N/A | BO4: NO | BP4: NO | BQ4: NO | BR4: NO | BS4: NO | BT4: NO | BU4: NO | BV4: 0 | BW4: YES | BX4: YES | BY4: YES | BZ4: NO | CA4: NO | CB4: NO | CC4: NO | CD4: NO | CE4: NO | CF4: NO | CG4: NO | CH4: YES | CI4: YES | CJ4: NO | CK4: NO | CL4: NO | CM4: NO | CN4: YES | CO4: NO | CP4: NO | CQ4: NO | CR4: NO | CS4: NO | CT4: NO | CU4: NO | CV4: NO | CW4: NO | CX4: YES | CY4: NO | CZ4: YES | DA4: YES | DB4: NO | DC4: NO | DD4: NO | DE4: NO | DF4: NO | DG4: NO | DH4: NO | DI4: NO | DJ4: NO | DK4: NO | DL4: 0 | DM4: NO | DN4: NO | DO4: NO | DP4: NO | DQ4: NO | DR4: NO | DS4: 0 | DT4: NO | DU4: NO | DV4: NO | DW4: NO | DX4: NO | DY4: 0 | DZ4: NO | EA4: NO | EB4: NO | EC4: NO | ED4: NO | EE4: 0 | EF4: NO | EG4: NO | EH4: NO | EI4: NO | EJ4: NO | EK4: 0 | EL4: NO | EM4: NO | EN4: NO | EO4: NO | EP4: NO | EQ4: 0 | ER4: NO | ES4: 0 | ET4: NO | EU4: NO | EV4: NO | EW4: NO | EX4: NO | EY4: NO | EZ4: 0 | FA4: NO | FB4: NO | FC4: NO | FD4: NO | FE4: NO | FF4: 0 | FG4: NO | FH4: NO | FI4: NO | FJ4: NO | FK4: NO | FL4: N/A | FM4: NO | FN4: NO | FO4: NO | FP4: NO | FQ4: NO | FR4: N/A | FS4: NO | FT4: NO | FU4: NO | FV4: NO | FW4: NO | FX4: N/A | FY4: NO | FZ4: N/A | GA4: NO | GB4: NO | GC4: NO | GD4: NO | GE4: NO | GF4: NO | GG4: NO | GH4: N/A | GI4: NO | GJ4: 0
A5: vch_003 | B5: 2024 | C5: YES | D5: YES | E5: YES | F5: YES | G5: NO | H5: NO | I5: 0 | J5: YES | K5: YES | L5: YES | M5: NO | N5: NO | O5: NO | P5: NO | Q5: NO | R5: NO | S5: 0 | T5: NO | U5: 0 | V5: YES | W5: YES | X5: YES | Y5: YES | Z5: YES | AA5: NO | AB5: NO | AC5: NO | AD5: NO | AE5: NO | AF5: NO | AG5: 0 | AH5: YES | AI5: NO | AJ5: 0 | AK5: NO | AL5: 0 | AM5: NO | AN5: 0 | AO5: NO | AP5: NO | AQ5: NO | AR5: NO | AS5: NO | AT5: NO | AU5: NO | AV5: NO | AW5: 0 | AX5: NO | AY5: 0 | AZ5: NO | BA5: NO | BB5: NO | BC5: NO | BD5: 0 | BE5: NO | BF5: NO | BG5: 0 | BH5: NO | BI5: NO | BJ5: NO | BK5: NO | BL5: N/A | BM5: NO | BN5: N/A | BO5: NO | BP5: NO | BQ5: NO | BR5: NO | BS5: NO | BT5: NO | BU5: NO | BV5: 0 | BW5: YES | BX5: YES | BY5: YES | BZ5: NO | CA5: NO | CB5: NO | CC5: NO | CD5: NO | CE5: NO | CF5: NO | CG5: NO | CH5: YES | CI5: YES | CJ5: NO | CK5: NO | CL5: NO | CM5: NO | CN5: YES | CO5: NO | CP5: NO | CQ5: NO | CR5: NO | CS5: NO | CT5: NO | CU5: NO | CV5: NO | CW5: NO | CX5: YES | CY5: NO | CZ5: YES | DA5: YES | DB5: NO | DC5: NO | DD5: NO | DE5: NO | DF5: NO | DG5: NO | DH5: NO | DI5: NO | DJ5: NO | DK5: NO | DL5: 0 | DM5: NO | DN5: NO | DO5: NO | DP5: NO | DQ5: NO | DR5: NO | DS5: 0 | DT5: NO | DU5: NO | DV5: NO | DW5: NO | DX5: NO | DY5: 0 | DZ5: NO | EA5: NO | EB5: NO | EC5: NO | ED5: NO | EE5: 0 | EF5: NO | EG5: NO | EH5: NO | EI5: NO | EJ5: NO | EK5: 0 | EL5: NO | EM5: NO | EN5: NO | EO5: NO | EP5: NO | EQ5: 0 | ER5: NO | ES5: 0 | ET5: NO | EU5: NO | EV5: NO | EW5: NO | EX5: NO | EY5: NO | EZ5: 0 | FA5: NO | FB5: NO | FC5: NO | FD5: NO | FE5: NO | FF5: 0 | FG5: NO | FH5: NO | FI5: NO | FJ5: NO | FK5: NO | FL5: N/A | FM5: NO | FN5: NO | FO5: NO | FP5: NO | FQ5: NO | FR5: N/A | FS5: NO | FT5: NO | FU5: NO | FV5: NO | FW5: NO | FX5: N/A | FY5: NO | FZ5: N/A | GA5: NO | GB5: NO | GC5: NO | GD5: NO | GE5: NO | GF5: NO | GG5: NO | GH5: N/A | GI5: NO | GJ5: N/A
A6: vch_004 | B6: 2024 | C6: YES | D6: YES | E6: YES | F6: YES | G6: NO | H6: YES | I6: 0 | J6: YES | K6: YES | L6: YES | M6: NO | N6: NO | O6: NO | P6: NO | Q6: NO | R6: NO | S6: 0 | T6: NO | U6: 0 | V6: YES | W6: YES | X6: YES | Y6: YES | Z6: YES | AA6: NO | AB6: NO | AC6: NO | AD6: NO | AE6: NO | AF6: NO | AG6: 0 | AH6: YES | AI6: NO | AJ6: 0 | AK6: NO | AL6: 0 | AM6: YES | AN6: Wildfire Smoke Readiness Plan | AO6: NO | AP6: NO | AQ6: NO | AR6: NO | AS6: NO | AT6: NO | AU6: NO | AV6: NO | AW6: 0 | AX6: NO | AY6: 0 | AZ6: NO | BA6: NO | BB6: NO | BC6: NO | BD6: 0 | BE6: NO | BF6: NO | BG6: 0 | BH6: NO | BI6: NO | BJ6: NO | BK6: NO | BL6: N/A | BM6: NO | BN6: N/A | BO6: NO | BP6: NO | BQ6: NO | BR6: NO | BS6: NO | BT6: NO | BU6: NO | BV6: 0 | BW6: YES | BX6: YES | BY6: YES | BZ6: NO | CA6: NO | CB6: NO | CC6: YES | CD6: YES | CE6: NO | CF6: NO | CG6: NO | CH6: YES | CI6: YES | CJ6: NO | CK6: NO | CL6: NO | CM6: NO | CN6: YES | CO6: YES | CP6: NO | CQ6: NO | CR6: NO | CS6: YES | CT6: NO | CU6: NO | CV6: NO | CW6: NO | CX6: YES | CY6: NO | CZ6: YES | DA6: YES | DB6: NO | DC6: NO | DD6: NO | DE6: NO | DF6: NO | DG6: NO | DH6: NO | DI6: NO | DJ6: NO | DK6: NO | DL6: 0 | DM6: NO | DN6: NO | DO6: NO | DP6: NO | DQ6: NO | DR6: NO | DS6: 0 | DT6: NO | DU6: NO | DV6: NO | DW6: NO | DX6: NO | DY6: 0 | DZ6: NO | EA6: NO | EB6: NO | EC6: NO | ED6: NO | EE6: 0 | EF6: NO | EG6: NO | EH6: NO | EI6: NO | EJ6: NO | EK6: 0 | EL6: NO | EM6: NO | EN6: NO | EO6: NO | EP6: NO | EQ6: 0 | ER6: NO | ES6: 0 | ET6: NO | EU6: NO | EV6: NO | EW6: NO | EX6: NO | EY6: NO | EZ6: 0 | FA6: NO | FB6: NO | FC6: NO | FD6: NO | FE6: NO | FF6: 0 | FG6: NO | FH6: NO | FI6: NO | FJ6: NO | FK6: NO | FL6: N/A | FM6: NO | FN6: NO | FO6: NO | FP6: NO | FQ6: NO | FR6: N/A | FS6: NO | FT6: NO | FU6: NO | FV6: NO | FW6: NO | FX6: N/A | FY6: NO | FZ6: N/A | GA6: NO | GB6: NO | GC6: NO | GD6: NO | GE6: NO | GF6: NO | GG6: NO | GH6: N/A | GI6: NO | GJ6: N/A
A7: vch_005 | B7: 2024 | C7: YES | D7: YES | E7: YES | F7: NO | G7: NO | H7: NO | I7: 0 | J7: NO | K7: NO | L7: NO | M7: NO | N7: NO | O7: NO | P7: NO | Q7: NO | R7: NO | S7: 0 | T7: NO | U7: 0 | V7: NO | W7: NO | X7: NO | Y7: NO | Z7: NO | AA7: NO | AB7: NO | AC7: NO | AD7: NO | AE7: NO | AF7: NO | AG7: 0 | AH7: YES | AI7: NO | AJ7: 0 | AK7: NO | AL7: 0 | AM7: YES | AN7: Wildfire Smoke Readiness Plan | AO7: NO | AP7: NO | AQ7: NO | AR7: NO | AS7: NO | AT7: NO | AU7: NO | AV7: NO | AW7: 0 | AX7: NO | AY7: 0 | AZ7: NO | BA7: NO | BB7: NO | BC7: NO | BD7: 0 | BE7: NO | BF7: NO | BG7: 0 | BH7: NO | BI7: NO | BJ7: NO | BK7: NO | BL7: N/A | BM7: NO | BN7: N/A | BO7: NO | BP7: NO | BQ7: NO | BR7: NO | BS7: NO | BT7: NO | BU7: NO | BV7: 0 | BW7: YES | BX7: NO | BY7: YES | BZ7: NO | CA7: NO | CB7: NO | CC7: YES | CD7: NO | CE7: NO | CF7: NO | CG7: YES | CH7: NO | CI7: NO | CJ7: NO | CK7: NO | CL7: NO | CM7: NO | CN7: YES | CO7: YES | CP7: NO | CQ7: NO | CR7: YES | CS7: YES | CT7: NO | CU7: NO | CV7: NO | CW7: NO | CX7: YES | CY7: NO | CZ7: NO | DA7: NO | DB7: NO | DC7: NO | DD7: NO | DE7: NO | DF7: NO | DG7: NO | DH7: NO | DI7: NO | DJ7: NO | DK7: NO | DL7: 0 | DM7: NO | DN7: NO | DO7: NO | DP7: NO | DQ7: NO | DR7: NO | DS7: 0 | DT7: NO | DU7: NO | DV7: NO | DW7: NO | DX7: NO | DY7: 0 | DZ7: NO | EA7: NO | EB7: NO | EC7: NO | ED7: NO | EE7: 0 | EF7: NO | EG7: NO | EH7: NO | EI7: NO | EJ7: NO | EK7: 0 | EL7: NO | EM7: NO | EN7: NO | EO7: NO | EP7: NO | EQ7: 0 | ER7: NO | ES7: 0 | ET7: NO | EU7: NO | EV7: NO | EW7: NO | EX7: NO | EY7: NO | EZ7: 0 | FA7: NO | FB7: NO | FC7: NO | FD7: NO | FE7: NO | FF7: 0 | FG7: NO | FH7: NO | FI7: NO | FJ7: NO | FK7: NO | FL7: N/A | FM7: NO | FN7: NO | FO7: NO | FP7: NO | FQ7: NO | FR7: N/A | FS7: NO | FT7: NO | FU7: NO | FV7: NO | FW7: NO | FX7: N/A | FY7: NO | FZ7: N/A | GA7: NO | GB7: NO | GC7: NO | GD7: NO | GE7: NO | GF7: NO | GG7: NO | GH7: N/A | GI7: NO | GJ7: N/A
A8: vch_006 | B8: NA | C8: YES | D8: NO | E8: NO | F8: NO | G8: NO | H8: NO | I8: 0 | J8: YES | K8: YES | L8: YES | M8: NO | N8: NO | O8: NO | P8: NO | Q8: NO | R8: NO | S8: 0 | T8: NO | U8: 0 | V8: NO | W8: NO | X8: NO | Y8: NO | Z8: NO | AA8: NO | AB8: NO | AC8: NO | AD8: NO | AE8: NO | AF8: NO | AG8: 0 | AH8: NO | AI8: NO | AJ8: 0 | AK8: NO | AL8: 0 | AM8: NO | AN8: 0 | AO8: YES | AP8: NO | AQ8: YES | AR8: NO | AS8: NO | AT8: NO | AU8: NO | AV8: NO | AW8: 0 | AX8: NO | AY8: 0 | AZ8: NO | BA8: NO | BB8: NO | BC8: NO | BD8: 0 | BE8: NO | BF8: NO | BG8: 0 | BH8: NO | BI8: NO | BJ8: NO | BK8: NO | BL8: N/A | BM8: NO | BN8: N/A | BO8: NO | BP8: NO | BQ8: NO | BR8: NO | BS8: NO | BT8: NO | BU8: NO | BV8: 0 | BW8: NO | BX8: NO | BY8: NO | BZ8: NO | CA8: NO | CB8: NO | CC8: NO | CD8: NO | CE8: NO | CF8: NO | CG8: NO | CH8: NO | CI8: NO | CJ8: NO | CK8: NO | CL8: NO | CM8: NO | CN8: NO | CO8: NO | CP8: NO | CQ8: NO | CR8: NO | CS8: NO | CT8: NO | CU8: NO | CV8: NO | CW8: NO | CX8: NO | CY8: NO | CZ8: NO | DA8: NO | DB8: NO | DC8: NO | DD8: NO | DE8: NO | DF8: NO | DG8: NO | DH8: NO | DI8: NO | DJ8: NO | DK8: NO | DL8: 0 | DM8: NO | DN8: NO | DO8: NO | DP8: NO | DQ8: NO | DR8: NO | DS8: 0 | DT8: NO | DU8: NO | DV8: NO | DW8: NO | DX8: NO | DY8: 0 | DZ8: NO | EA8: NO | EB8: NO | EC8: NO | ED8: NO | EE8: 0 | EF8: NO | EG8: NO | EH8: NO | EI8: NO | EJ8: NO | EK8: 0 | EL8: NO | EM8: NO | EN8: NO | EO8: NO | EP8: NO | EQ8: 0 | ER8: NO | ES8: 0 | ET8: NO | EU8: NO | EV8: NO | EW8: NO | EX8: NO | EY8: NO | EZ8: 0 | FA8: NO | FB8: NO | FC8: NO | FD8: NO | FE8: NO | FF8: 0 | FG8: NO | FH8: NO | FI8: NO | FJ8: NO | FK8: NO | FL8: N/A | FM8: NO | FN8: NO | FO8: NO | FP8: NO | FQ8: NO | FR8: N/A | FS8: NO | FT8: NO | FU8: NO | FV8: NO | FW8: NO | FX8: N/A | FY8: NO | FZ8: N/A | GA8: NO | GB8: NO | GC8: NO | GD8: NO | GE8: NO | GF8: NO | GG8: NO | GH8: N/A | GI8: NO | GJ8: N/A
A9: vch_007 | B9: NA | C9: YES | D9: NO | E9: NO | F9: NO | G9: NO | H9: NO | I9: 0 | J9: YES | K9: YES | L9: NO | M9: NO | N9: NO | O9: NO | P9: NO | Q9: NO | R9: NO | S9: 0 | T9: NO | U9: 0 | V9: YES | W9: NO | X9: NO | Y9: NO | Z9: NO | AA9: NO | AB9: NO | AC9: NO | AD9: NO | AE9: NO | AF9: NO | AG9: 0 | AH9: NO | AI9: NO | AJ9: 0 | AK9: NO | AL9: 0 | AM9: YES | AN9: Follow Asthma Treatment Plans/Use Rescue Medications | AO9: YES | AP9: NO | AQ9: YES | AR9: NO | AS9: NO | AT9: NO | AU9: NO | AV9: NO | AW9: 0 | AX9: NO | AY9: 0 | AZ9: NO | BA9: NO | BB9: NO | BC9: NO | BD9: 0 | BE9: NO | BF9: NO | BG9: 0 | BH9: NO | BI9: NO | BJ9: NO | BK9: NO | BL9: N/A | BM9: NO | BN9: N/A | BO9: NO | BP9: NO | BQ9: NO | BR9: NO | BS9: NO | BT9: NO | BU9: NO | BV9: 0 | BW9: NO | BX9: NO | BY9: NO | BZ9: NO | CA9: NO | CB9: NO | CC9: NO | CD9: NO | CE9: NO | CF9: NO | CG9: NO | CH9: YES | CI9: YES | CJ9: NO | CK9: NO | CL9: NO | CM9: NO | CN9: NO | CO9: NO | CP9: NO | CQ9: NO | CR9: NO | CS9: NO | CT9: NO | CU9: NO | CV9: NO | CW9: NO | CX9: NO | CY9: NO | CZ9: NO | DA9: NO | DB9: NO | DC9: NO | DD9: NO | DE9: NO | DF9: NO | DG9: NO | DH9: NO | DI9: NO | DJ9: NO | DK9: NO | DL9: 0 | DM9: NO | DN9: NO | DO9: NO | DP9: NO | DQ9: NO | DR9: NO | DS9: 0 | DT9: NO | DU9: NO | DV9: NO | DW9: NO | DX9: NO | DY9: 0 | DZ9: NO | EA9: NO | EB9: NO | EC9: NO | ED9: NO | EE9: 0 | EF9: NO | EG9: NO | EH9: NO | EI9: NO | EJ9: NO | EK9: 0 | EL9: NO | EM9: NO | EN9: NO | EO9: NO | EP9: NO | EQ9: 0 | ER9: NO | ES9: 0 | ET9: NO | EU9: NO | EV9: NO | EW9: NO | EX9: NO | EY9: NO | EZ9: 0 | FA9: NO | FB9: NO | FC9: NO | FD9: NO | FE9: NO | FF9: 0 | FG9: NO | FH9: NO | FI9: NO | FJ9: NO | FK9: NO | FL9: N/A | FM9: NO | FN9: NO | FO9: NO | FP9: NO | FQ9: NO | FR9: N/A | FS9: NO | FT9: NO | FU9: NO | FV9: NO | FW9: NO | FX9: N/A | FY9: NO | FZ9: N/A | GA9: NO | GB9: NO | GC9: NO | GD9: NO | GE9: NO | GF9: NO | GG9: NO | GH9: N/A | GI9: NO | GJ9: N/A
A10: vch_008 | B10: NA | C10: YES | D10: NO | E10: NO | F10: NO | G10: NO | H10: NO | I10: 0 | J10: YES | K10: YES | L10: NO | M10: NO | N10: NO | O10: NO | P10: NO | Q10: NO | R10: NO | S10: 0 | T10: NO | U10: 0 | V10: NO | W10: NO | X10: NO | Y10: NO | Z10: NO | AA10: NO | AB10: NO | AC10: NO | AD10: NO | AE10: NO | AF10: NO | AG10: 0 | AH10: NO | AI10: NO | AJ10: 0 | AK10: NO | AL10: 0 | AM10: NO | AN10: 0 | AO10: NO | AP10: NO | AQ10: NO | AR10: NO | AS10: YES | AT10: YES | AU10: NO | AV10: NO | AW10: 0 | AX10: NO | AY10: 0 | AZ10: NO | BA10: NO | BB10: NO | BC10: NO | BD10: 0 | BE10: NO | BF10: NO | BG10: 0 | BH10: NO | BI10: NO | BJ10: NO | BK10: NO | BL10: N/A | BM10: NO | BN10: N/A | BO10: NO | BP10: NO | BQ10: NO | BR10: NO | BS10: NO | BT10: NO | BU10: NO | BV10: 0 | BW10: NO | BX10: NO | BY10: NO | BZ10: NO | CA10: NO | CB10: NO | CC10: NO | CD10: NO | CE10: NO | CF10: NO | CG10: NO | CH10: NO | CI10: NO | CJ10: NO | CK10: NO | CL10: NO | CM10: NO | CN10: NO | CO10: NO | CP10: NO | CQ10: NO | CR10: NO | CS10: NO | CT10: NO | CU10: NO | CV10: NO | CW10: NO | CX10: NO | CY10: NO | CZ10: NO | DA10: NO | DB10: NO | DC10: NO | DD10: NO | DE10: NO | DF10: NO | DG10: NO | DH10: NO | DI10: NO | DJ10: NO | DK10: NO | DL10: 0 | DM10: NO | DN10: NO | DO10: NO | DP10: NO | DQ10: NO | DR10: NO | DS10: 0 | DT10: NO | DU10: NO | DV10: NO | DW10: NO | DX10: NO | DY10: 0 | DZ10: NO | EA10: NO | EB10: NO | EC10: NO | ED10: NO | EE10: 0 | EF10: NO | EG10: NO | EH10: NO | EI10: NO | EJ10: NO | EK10: 0 | EL10: NO | EM10: NO | EN10: NO | EO10: NO | EP10: NO | EQ10: 0 | ER10: NO | ES10: 0 | ET10: NO | EU10: NO | EV10: NO | EW10: NO | EX10: NO | EY10: NO | EZ10: 0 | FA10: NO | FB10: NO | FC10: NO | FD10: NO | FE10: NO | FF10: 0 | FG10: NO | FH10: NO | FI10: NO | FJ10: NO | FK10: NO | FL10: N/A | FM10: NO | FN10: NO | FO10: NO | FP10: NO | FQ10: NO | FR10: N/A | FS10: NO | FT10: NO | FU10: NO | FV10: NO | FW10: NO | FX10: N/A | FY10: NO | FZ10: N/A | GA10: NO | GB10: NO | GC10: NO | GD10: NO | GE10: NO | GF10: NO | GG10: NO | GH10: N/A | GI10: NO | GJ10: N/A
A11: vch_009 | B11: NA | C11: YES | D11: NO | E11: NO | F11: NO | G11: NO | H11: NO | I11: 0 | J11: YES | K11: YES | L11: NO | M11: NO | N11: NO | O11: NO | P11: NO | Q11: NO | R11: NO | S11: 0 | T11: NO | U11: 0 | V11: YES | W11: YES | X11: YES | Y11: NO | Z11: NO | AA11: NO | AB11: NO | AC11: NO | AD11: NO | AE11: NO | AF11: NO | AG11: 0 | AH11: NO | AI11: NO | AJ11: 0 | AK11: NO | AL11: 0 | AM11: NO | AN11: Asthma Treatment Plan & Use of Rescue Medications | AO11: YES | AP11: NO | AQ11: NO | AR11: NO | AS11: YES | AT11: YES | AU11: NO | AV11: NO | AW11: 0 | AX11: NO | AY11: 0 | AZ11: NO | BA11: NO | BB11: NO | BC11: NO | BD11: 0 | BE11: NO | BF11: NO | BG11: 0 | BH11: NO | BI11: NO | BJ11: NO | BK11: NO | BL11: N/A | BM11: NO | BN11: N/A | BO11: NO | BP11: NO | BQ11: NO | BR11: NO | BS11: NO | BT11: NO | BU11: NO | BV11: 0 | BW11: NO | BX11: NO | BY11: NO | BZ11: NO | CA11: NO | CB11: NO | CC11: NO | CD11: NO | CE11: NO | CF11: NO | CG11: NO | CH11: YES | CI11: YES | CJ11: NO | CK11: NO | CL11: NO | CM11: NO | CN11: NO | CO11: NO | CP11: NO | CQ11: NO | CR11: NO | CS11: NO | CT11: NO | CU11: NO | CV11: NO | CW11: NO | CX11: NO | CY11: NO | CZ11: NO | DA11: NO | DB11: NO | DC11: NO | DD11: NO | DE11: NO | DF11: NO | DG11: NO | DH11: NO | DI11: NO | DJ11: NO | DK11: NO | DL11: 0 | DM11: NO | DN11: NO | DO11: NO | DP11: NO | DQ11: NO | DR11: NO | DS11: 0 | DT11: NO | DU11: NO | DV11: NO | DW11: NO | DX11: NO | DY11: 0 | DZ11: NO | EA11: NO | EB11: NO | EC11: NO | ED11: NO | EE11: 0 | EF11: NO | EG11: NO | EH11: NO | EI11: NO | EJ11: NO | EK11: 0 | EL11: NO | EM11: NO | EN11: NO | EO11: NO | EP11: NO | EQ11: 0 | ER11: NO | ES11: 0 | ET11: NO | EU11: NO | EV11: NO | EW11: NO | EX11: NO | EY11: NO | EZ11: 0 | FA11: NO | FB11: NO | FC11: NO | FD11: NO | FE11: NO | FF11: 0 | FG11: NO | FH11: NO | FI11: NO | FJ11: NO | FK11: NO | FL11: N/A | FM11: NO | FN11: NO | FO11: NO | FP11: NO | FQ11: NO | FR11: N/A | FS11: NO | FT11: NO | FU11: NO | FV11: NO | FW11: NO | FX11: N/A | FY11: NO | FZ11: N/A | GA11: NO | GB11: NO | GC11: NO | GD11: NO | GE11: NO | GF11: NO | GG11: NO | GH11: N/A | GI11: NO | GJ11: N/A
A12: vch_010 | B12: 2024 | C12: YES | D12: YES | E12: YES | F12: YES | G12: NO | H12: NO | I12: 0 | J12: YES | K12: YES | L12: YES | M12: NO | N12: NO | O12: NO | P12: NO | Q12: NO | R12: NO | S12: 0 | T12: NO | U12: 0 | V12: YES | W12: YES | X12: YES | Y12: YES | Z12: YES | AA12: NO | AB12: NO | AC12: NO | AD12: NO | AE12: NO | AF12: NO | AG12: 0 | AH12: YES | AI12: NO | AJ12: 0 | AK12: NO | AL12: 0 | AM12: NO | AN12: 0 | AO12: NO | AP12: NO | AQ12: NO | AR12: NO | AS12: NO | AT12: NO | AU12: NO | AV12: NO | AW12: 0 | AX12: NO | AY12: 0 | AZ12: NO | BA12: NO | BB12: NO | BC12: NO | BD12: 0 | BE12: NO | BF12: NO | BG12: 0 | BH12: NO | BI12: NO | BJ12: NO | BK12: NO | BL12: N/A | BM12: NO | BN12: N/A | BO12: NO | BP12: NO | BQ12: NO | BR12: NO | BS12: NO | BT12: NO | BU12: NO | BV12: 0 | BW12: YES | BX12: YES | BY12: YES | BZ12: NO | CA12: NO | CB12: NO | CC12: NO | CD12: NO | CE12: NO | CF12: NO | CG12: NO | CH12: YES | CI12: YES | CJ12: NO | CK12: NO | CL12: NO | CM12: NO | CN12: YES | CO12: NO | CP12: NO | CQ12: NO | CR12: NO | CS12: NO | CT12: NO | CU12: NO | CV12: NO | CW12: NO | CX12: YES | CY12: NO | CZ12: YES | DA12: YES | DB12: NO | DC12: NO | DD12: NO | DE12: NO | DF12: NO | DG12: NO | DH12: NO | DI12: NO | DJ12: NO | DK12: NO | DL12: 0 | DM12: NO | DN12: NO | DO12: NO | DP12: NO | DQ12: NO | DR12: NO | DS12: 0 | DT12: NO | DU12: NO | DV12: NO | DW12: NO | DX12: NO | DY12: 0 | DZ12: NO | EA12: NO | EB12: NO | EC12: NO | ED12: NO | EE12: 0 | EF12: NO | EG12: NO | EH12: NO | EI12: NO | EJ12: NO | EK12: 0 | EL12: NO | EM12: NO | EN12: NO | EO12: NO | EP12: NO | EQ12: 0 | ER12: NO | ES12: 0 | ET12: NO | EU12: NO | EV12: NO | EW12: NO | EX12: NO | EY12: NO | EZ12: 0 | FA12: NO | FB12: NO | FC12: NO | FD12: NO | FE12: NO | FF12: 0 | FG12: NO | FH12: NO | FI12: NO | FJ12: NO | FK12: NO | FL12: N/A | FM12: NO | FN12: NO | FO12: NO | FP12: NO | FQ12: NO | FR12: N/A | FS12: NO | FT12: NO | FU12: NO | FV12: NO | FW12: NO | FX12: N/A | FY12: NO | FZ12: N/A | GA12: NO | GB12: NO | GC12: NO | GD12: NO | GE12: NO | GF12: NO | GG12: NO | GH12: N/A | GI12: NO | GJ12: N/A
A13: vch_011 | B13: 2024 | C13: YES | D13: YES | E13: NO | F13: NO | G13: NO | H13: NO | I13: 0 | J13: YES | K13: YES | L13: YES | M13: NO | N13: NO | O13: NO | P13: NO | Q13: NO | R13: NO | S13: 0 | T13: NO | U13: 0 | V13: YES | W13: YES | X13: YES | Y13: NO | Z13: NO | AA13: NO | AB13: NO | AC13: NO | AD13: NO | AE13: NO | AF13: NO | AG13: 0 | AH13: NO | AI13: NO | AJ13: 0 | AK13: NO | AL13: 0 | AM13: YES | AN13: Air Conditioned Spaces (Malls/Library) | AO13: NO | AP13: NO | AQ13: NO | AR13: NO | AS13: NO | AT13: NO | AU13: NO | AV13: NO | AW13: 0 | AX13: NO | AY13: 0 | AZ13: NO | BA13: NO | BB13: NO | BC13: NO | BD13: 0 | BE13: NO | BF13: NO | BG13: 0 | BH13: NO | BI13: NO | BJ13: NO | BK13: NO | BL13: N/A | BM13: NO | BN13: N/A | BO13: NO | BP13: NO | BQ13: NO | BR13: NO | BS13: NO | BT13: NO | BU13: NO | BV13: 0 | BW13: NO | BX13: NO | BY13: NO | BZ13: NO | CA13: NO | CB13: NO | CC13: NO | CD13: NO | CE13: NO | CF13: NO | CG13: NO | CH13: NO | CI13: NO | CJ13: NO | CK13: NO | CL13: NO | CM13: NO | CN13: NO | CO13: NO | CP13: NO | CQ13: NO | CR13: NO | CS13: NO | CT13: NO | CU13: NO | CV13: NO | CW13: NO | CX13: NO | CY13: NO | CZ13: NO | DA13: NO | DB13: NO | DC13: NO | DD13: NO | DE13: NO | DF13: NO | DG13: NO | DH13: NO | DI13: NO | DJ13: NO | DK13: NO | DL13: 0 | DM13: NO | DN13: NO | DO13: NO | DP13: NO | DQ13: NO | DR13: NO | DS13: 0 | DT13: NO | DU13: NO | DV13: NO | DW13: NO | DX13: NO | DY13: 0 | DZ13: NO | EA13: NO | EB13: NO | EC13: NO | ED13: NO | EE13: 0 | EF13: NO | EG13: NO | EH13: NO | EI13: NO | EJ13: NO | EK13: 0 | EL13: NO | EM13: NO | EN13: NO | EO13: NO | EP13: NO | EQ13: 0 | ER13: NO | ES13: 0 | ET13: NO | EU13: NO | EV13: NO | EW13: NO | EX13: NO | EY13: NO | EZ13: 0 | FA13: NO | FB13: NO | FC13: NO | FD13: NO | FE13: NO | FF13: 0 | FG13: NO | FH13: NO | FI13: NO | FJ13: NO | FK13: NO | FL13: N/A | FM13: NO | FN13: NO | FO13: NO | FP13: NO | FQ13: NO | FR13: N/A | FS13: NO | FT13: NO | FU13: NO | FV13: NO | FW13: NO | FX13: N/A | FY13: NO | FZ13: N/A | GA13: NO | GB13: NO | GC13: NO | GD13: NO | GE13: NO | GF13: NO | GG13: NO | GH13: N/A | GI13: NO | GJ13: N/A
A14: can_001 | B14: 2025 | C14: YES | D14: NO | E14: NO | F14: NO | G14: NO | H14: NO | I14: 0 | J14: NO | K14: NO | L14: NO | M14: NO | N14: NO | O14: NO | P14: NO | Q14: NO | R14: NO | S14: 0 | T14: NO | U14: 0 | V14: YES | W14: YES | X14: YES | Y14: YES | Z14: YES | AA14: YES | AB14: NO | AC14: NO | AD14: NO | AE14: NO | AF14: NO | AG14: 0 | AH14: NO | AI14: NO | AJ14: 0 | AK14: NO | AL14: 0 | AM14: NO | AN14: 0 | AO14: NO | AP14: NO | AQ14: NO | AR14: NO | AS14: NO | AT14: NO | AU14: NO | AV14: NO | AW14: 0 | AX14: NO | AY14: 0 | AZ14: NO | BA14: NO | BB14: NO | BC14: NO | BD14: 0 | BE14: NO | BF14: NO | BG14: 0 | BH14: NO | BI14: NO | BJ14: NO | BK14: NO | BL14: N/A | BM14: NO | BN14: N/A | BO14: NO | BP14: NO | BQ14: NO | BR14: NO | BS14: NO | BT14: NO | BU14: NO | BV14: 0 | BW14: NO | BX14: NO | BY14: NO | BZ14: NO | CA14: NO | CB14: NO | CC14: NO | CD14: NO | CE14: NO | CF14: NO | CG14: NO | CH14: NO | CI14: NO | CJ14: NO | CK14: NO | CL14: NO | CM14: NO | CN14: NO | CO14: NO | CP14: NO | CQ14: NO | CR14: NO | CS14: NO | CT14: NO | CU14: NO | CV14: NO | CW14: NO | CX14: NO | CY14: NO | CZ14: NO | DA14: NO | DB14: NO | DC14: NO | DD14: NO | DE14: NO | DF14: NO | DG14: NO | DH14: NO | DI14: NO | DJ14: NO | DK14: NO | DL14: 0 | DM14: NO | DN14: NO | DO14: NO | DP14: NO | DQ14: NO | DR14: NO | DS14: 0 | DT14: NO | DU14: NO | DV14: NO | DW14: NO | DX14: NO | DY14: 0 | DZ14: NO | EA14: NO | EB14: NO | EC14: NO | ED14: NO | EE14: 0 | EF14: NO | EG14: NO | EH14: NO | EI14: NO | EJ14: NO | EK14: 0 | EL14: NO | EM14: NO | EN14: NO | EO14: NO | EP14: NO | EQ14: 0 | ER14: NO | ES14: 0 | ET14: NO | EU14: NO | EV14: NO | EW14: NO | EX14: NO | EY14: NO | EZ14: 0 | FA14: NO | FB14: NO | FC14: NO | FD14: NO | FE14: NO | FF14: 0 | FG14: NO | FH14: NO | FI14: NO | FJ14: NO | FK14: NO | FL14: N/A | FM14: NO | FN14: NO | FO14: NO | FP14: NO | FQ14: NO | FR14: N/A | FS14: NO | FT14: NO | FU14: NO | FV14: NO | FW14: NO | FX14: N/A | FY14: NO | FZ14: N/A | GA14: NO | GB14: NO | GC14: NO | GD14: NO | GE14: NO | GF14: NO | GG14: NO | GH14: N/A | GI14: NO | GJ14: N/A
A15: can_002 | B15: 2024 | C15: YES | D15: YES | E15: NO | F15: NO | G15: NO | H15: NO | I15: 0 | J15: YES | K15: YES | L15: YES | M15: NO | N15: NO | O15: NO | P15: NO | Q15: NO | R15: NO | S15: 0 | T15: NO | U15: 0 | V15: YES | W15: YES | X15: YES | Y15: YES | Z15: YES | AA15: NO | AB15: NO | AC15: NO | AD15: NO | AE15: NO | AF15: YES | AG15: 0 | AH15: NO | AI15: NO | AJ15: 0 | AK15: NO | AL15: 0 | AM15: NO | AN15: Mental Health Awareness | AO15: NO | AP15: NO | AQ15: NO | AR15: NO | AS15: NO | AT15: NO | AU15: NO | AV15: NO | AW15: 0 | AX15: NO | AY15: 0 | AZ15: NO | BA15: NO | BB15: NO | BC15: NO | BD15: 0 | BE15: NO | BF15: NO | BG15: 0 | BH15: NO | BI15: NO | BJ15: NO | BK15: NO | BL15: N/A | BM15: NO | BN15: N/A | BO15: NO | BP15: NO | BQ15: NO | BR15: NO | BS15: NO | BT15: NO | BU15: NO | BV15: 0 | BW15: NO | BX15: NO | BY15: NO | BZ15: NO | CA15: NO | CB15: NO | CC15: NO | CD15: NO | CE15: NO | CF15: NO | CG15: NO | CH15: YES | CI15: YES | CJ15: NO | CK15: NO | CL15: NO | CM15: YES | CN15: NO | CO15: NO | CP15: NO | CQ15: NO | CR15: NO | CS15: NO | CT15: NO | CU15: NO | CV15: NO | CW15: NO | CX15: NO | CY15: NO | CZ15: NO | DA15: NO | DB15: NO | DC15: NO | DD15: NO | DE15: NO | DF15: NO | DG15: NO | DH15: NO | DI15: NO | DJ15: NO | DK15: NO | DL15: 0 | DM15: NO | DN15: NO | DO15: NO | DP15: NO | DQ15: NO | DR15: NO | DS15: 0 | DT15: NO | DU15: NO | DV15: NO | DW15: NO | DX15: NO | DY15: 0 | DZ15: NO | EA15: NO | EB15: NO | EC15: NO | ED15: NO | EE15: 0 | EF15: NO | EG15: NO | EH15: NO | EI15: NO | EJ15: NO | EK15: 0 | EL15: NO | EM15: NO | EN15: NO | EO15: NO | EP15: NO | EQ15: 0 | ER15: NO | ES15: 0 | ET15: NO | EU15: NO | EV15: NO | EW15: NO | EX15: NO | EY15: NO | EZ15: 0 | FA15: NO | FB15: NO | FC15: NO | FD15: NO | FE15: NO | FF15: 0 | FG15: NO | FH15: NO | FI15: NO | FJ15: NO | FK15: NO | FL15: N/A | FM15: NO | FN15: NO | FO15: NO | FP15: NO | FQ15: NO | FR15: N/A | FS15: NO | FT15: NO | FU15: NO | FV15: NO | FW15: NO | FX15: N/A | FY15: NO | FZ15: N/A | GA15: NO | GB15: NO | GC15: NO | GD15: NO | GE15: NO | GF15: NO | GG15: NO | GH15: N/A | GI15: NO | GJ15: N/A
A16: can_003 | B16: 2024 | C16: YES | D16: YES | E16: NO | F16: NO | G16: NO | H16: NO | I16: 0 | J16: YES | K16: YES | L16: YES | M16: YES | N16: YES | O16: YES | P16: NO | Q16: NO | R16: NO | S16: 0 | T16: NO | U16: 0 | V16: YES | W16: YES | X16: YES | Y16: YES | Z16: YES | AA16: NO | AB16: NO | AC16: NO | AD16: NO | AE16: NO | AF16: YES | AG16: 0 | AH16: YES | AI16: NO | AJ16: 0 | AK16: NO | AL16: 0 | AM16: NO | AN16: 0 | AO16: NO | AP16: NO | AQ16: NO | AR16: NO | AS16: NO | AT16: NO | AU16: NO | AV16: NO | AW16: 0 | AX16: NO | AY16: 0 | AZ16: NO | BA16: NO | BB16: NO | BC16: NO | BD16: 0 | BE16: NO | BF16: NO | BG16: 0 | BH16: NO | BI16: NO | BJ16: NO | BK16: NO | BL16: N/A | BM16: NO | BN16: N/A | BO16: NO | BP16: NO | BQ16: NO | BR16: NO | BS16: NO | BT16: NO | BU16: NO | BV16: 0 | BW16: YES | BX16: YES | BY16: YES | BZ16: NO | CA16: NO | CB16: NO | CC16: NO | CD16: NO | CE16: NO | CF16: NO | CG16: NO | CH16: YES | CI16: YES | CJ16: NO | CK16: NO | CL16: NO | CM16: YES | CN16: NO | CO16: NO | CP16: NO | CQ16: NO | CR16: NO | CS16: NO | CT16: NO | CU16: NO | CV16: NO | CW16: NO | CX16: NO | CY16: NO | CZ16: NO | DA16: NO | DB16: NO | DC16: NO | DD16: NO | DE16: NO | DF16: NO | DG16: NO | DH16: NO | DI16: NO | DJ16: NO | DK16: NO | DL16: 0 | DM16: NO | DN16: NO | DO16: NO | DP16: NO | DQ16: NO | DR16: NO | DS16: 0 | DT16: NO | DU16: NO | DV16: NO | DW16: NO | DX16: NO | DY16: 0 | DZ16: NO | EA16: NO | EB16: NO | EC16: NO | ED16: NO | EE16: 0 | EF16: NO | EG16: NO | EH16: NO | EI16: NO | EJ16: NO | EK16: 0 | EL16: NO | EM16: NO | EN16: NO | EO16: NO | EP16: NO | EQ16: 0 | ER16: NO | ES16: 0 | ET16: NO | EU16: NO | EV16: NO | EW16: NO | EX16: NO | EY16: NO | EZ16: 0 | FA16: NO | FB16: NO | FC16: NO | FD16: NO | FE16: NO | FF16: 0 | FG16: NO | FH16: NO | FI16: NO | FJ16: NO | FK16: NO | FL16: N/A | FM16: NO | FN16: NO | FO16: NO | FP16: NO | FQ16: NO | FR16: N/A | FS16: NO | FT16: NO | FU16: NO | FV16: NO | FW16: NO | FX16: N/A | FY16: NO | FZ16: N/A | GA16: NO | GB16: NO | GC16: NO | GD16: NO | GE16: NO | GF16: NO | GG16: NO | GH16: N/A | GI16: NO | GJ16: N/A
A17: can_004 | B17: 2025 | C17: YES | D17: YES | E17: NO | F17: NO | G17: YES | H17: NO | I17: 0 | J17: YES | K17: YES | L17: YES | M17: YES | N17: YES | O17: YES | P17: NO | Q17: NO | R17: NO | S17: 0 | T17: NO | U17: 0 | V17: YES | W17: YES | X17: YES | Y17: YES | Z17: YES | AA17: NO | AB17: NO | AC17: NO | AD17: NO | AE17: NO | AF17: YES | AG17: 0 | AH17: YES | AI17: NO | AJ17: 0 | AK17: NO | AL17: 0 | AM17: YES | AN17: Keep necessary medications at home. Speak to MD about how to protect yourself. Carbon Monoxide alarms in Home. | AO17: NO | AP17: NO | AQ17: NO | AR17: NO | AS17: NO | AT17: NO | AU17: NO | AV17: NO | AW17: 0 | AX17: NO | AY17: 0 | AZ17: NO | BA17: NO | BB17: NO | BC17: NO | BD17: 0 | BE17: NO | BF17: NO | BG17: 0 | BH17: NO | BI17: NO | BJ17: NO | BK17: NO | BL17: N/A | BM17: NO | BN17: N/A | BO17: NO | BP17: NO | BQ17: NO | BR17: NO | BS17: NO | BT17: NO | BU17: NO | BV17: 0 | BW17: YES | BX17: YES | BY17: YES | BZ17: NO | CA17: NO | CB17: NO | CC17: NO | CD17: NO | CE17: NO | CF17: NO | CG17: NO | CH17: NO | CI17: NO | CJ17: NO | CK17: NO | CL17: NO | CM17: NO | CN17: NO | CO17: NO | CP17: NO | CQ17: NO | CR17: NO | CS17: NO | CT17: NO | CU17: NO | CV17: NO | CW17: NO | CX17: NO | CY17: NO | CZ17: NO | DA17: NO | DB17: NO | DC17: NO | DD17: NO | DE17: NO | DF17: NO | DG17: NO | DH17: NO | DI17: NO | DJ17: NO | DK17: NO | DL17: 0 | DM17: NO | DN17: NO | DO17: NO | DP17: NO | DQ17: NO | DR17: NO | DS17: 0 | DT17: NO | DU17: NO | DV17: NO | DW17: NO | DX17: NO | DY17: 0 | DZ17: NO | EA17: NO | EB17: NO | EC17: NO | ED17: NO | EE17: 0 | EF17: NO | EG17: NO | EH17: NO | EI17: NO | EJ17: NO | EK17: 0 | EL17: NO | EM17: NO | EN17: NO | EO17: NO | EP17: NO | EQ17: 0 | ER17: NO | ES17: 0 | ET17: NO | EU17: NO | EV17: NO | EW17: NO | EX17: NO | EY17: NO | EZ17: 0 | FA17: NO | FB17: NO | FC17: NO | FD17: NO | FE17: NO | FF17: 0 | FG17: NO | FH17: NO | FI17: NO | FJ17: NO | FK17: NO | FL17: N/A | FM17: NO | FN17: NO | FO17: NO | FP17: NO | FQ17: NO | FR17: N/A | FS17: NO | FT17: NO | FU17: NO | FV17: NO | FW17: NO | FX17: N/A | FY17: NO | FZ17: N/A | GA17: NO | GB17: NO | GC17: NO | GD17: NO | GE17: NO | GF17: NO | GG17: NO | GH17: N/A | GI17: NO | GJ17: N/A
A18: bccdc_001 | B18: 2024 | C18: YES | D18: YES | E18: YES | F18: NO | G18: NO | H18: NO | I18: 0 | J18: YES | K18: YES | L18: NO | M18: NO | N18: NO | O18: NO | P18: NO | Q18: NO | R18: NO | S18: 0 | T18: NO | U18: 0 | V18: NO | W18: NO | X18: NO | Y18: NO | Z18: NO | AA18: NO | AB18: NO | AC18: NO | AD18: NO | AE18: NO | AF18: NO | AG18: 0 | AH18: NO | AI18: NO | AJ18: 0 | AK18: NO | AL18: 0 | AM18: NO | AO18: NO | AP18: NO | AQ18: NO | AR18: NO | AS18: NO | AT18: NO | AU18: NO | AV18: NO | AW18: 0 | AX18: NO | AY18: 0 | AZ18: NO | BA18: NO | BB18: NO | BC18: NO | BD18: 0 | BE18: NO | BF18: NO | BG18: 0 | BH18: NO | BI18: NO | BJ18: NO | BK18: NO | BL18: N/A | BM18: NO | BN18: N/A | BO18: NO | BP18: NO | BQ18: NO | BR18: NO | BS18: NO | BT18: NO | BU18: NO | BV18: 0 | BW18: YES | BX18: YES | BY18: YES | BZ18: NO | CA18: NO | CB18: NO | CC18: YES | CD18: YES | CE18: NO | CF18: NO | CG18: NO | CH18: YES | CI18: YES | CJ18: NO | CK18: NO | CL18: NO | CM18: NO | CN18: NO | CO18: NO | CP18: NO | CQ18: NO | CR18: NO | CS18: NO | CT18: NO | CU18: NO | CV18: NO | CW18: NO | CX18: NO | CY18: NO | CZ18: NO | DA18: NO | DB18: NO | DC18: NO | DD18: NO | DE18: NO | DF18: NO | DG18: NO | DH18: NO | DI18: NO | DJ18: NO | DK18: NO | DL18: 0 | DM18: NO | DN18: NO | DO18: NO | DP18: NO | DQ18: NO | DR18: NO | DS18: 0 | DT18: NO | DU18: NO | DV18: NO | DW18: NO | DX18: NO | DY18: 0 | DZ18: NO | EA18: NO | EB18: NO | EC18: NO | ED18: NO | EE18: 0 | EF18: NO | EG18: NO | EH18: NO | EI18: NO | EJ18: NO | EK18: 0 | EL18: NO | EM18: NO | EN18: NO | EO18: NO | EP18: NO | EQ18: 0 | ER18: NO | ES18: 0 | ET18: NO | EU18: NO | EV18: NO | EW18: NO | EX18: NO | EY18: NO | EZ18: 0 | FA18: NO | FB18: NO | FC18: NO | FD18: NO | FE18: NO | FF18: 0 | FG18: NO | FH18: NO | FI18: NO | FJ18: NO | FK18: NO | FL18: N/A | FM18: NO | FN18: NO | FO18: NO | FP18: NO | FQ18: NO | FR18: N/A | FS18: NO | FT18: NO | FU18: NO | FV18: NO | FW18: NO | FX18: N/A | FY18: NO | FZ18: N/A | GA18: NO | GB18: NO | GC18: NO | GD18: NO | GE18: NO | GF18: NO | GG18: NO | GH18: N/A | GI18: NO | GJ18: N/A
A19: bccdc_002 | B19: 2024 | C19: YES | D19: YES | E19: YES | F19: NO | G19: NO | H19: NO | I19: 0 | J19: NO | K19: NO | L19: NO | M19: NO | N19: NO | O19: NO | P19: NO | Q19: NO | R19: NO | S19: 0 | T19: NO | U19: 0 | V19: YES | W19: YES | X19: YES | Y19: YES | Z19: YES | AA19: YES | AB19: YES | AC19: YES | AD19: NO | AE19: NO | AF19: NO | AG19: 0 | AH19: NO | AI19: NO | AJ19: 0 | AK19: NO | AL19: 0 | AM19: YES | AN19: Have rescue medications stocked at home. Sign up for Air Quality Subscription Service for alerts. | AO19: NO | AP19: NO | AQ19: NO | AR19: NO | AS19: NO | AT19: NO | AU19: NO | AV19: NO | AW19: 0 | AX19: NO | AY19: 0 | AZ19: NO | BA19: NO | BB19: NO | BC19: NO | BD19: 0 | BE19: NO | BF19: NO | BG19: 0 | BH19: NO | BI19: NO | BJ19: NO | BK19: NO | BL19: N/A | BM19: NO | BN19: N/A | BO19: NO | BP19: NO | BQ19: NO | BR19: NO | BS19: NO | BT19: NO | BU19: NO | BV19: 0 | BW19: NO | BX19: NO | BY19: NO | BZ19: NO | CA19: NO | CB19: NO | CC19: NO | CD19: NO | CE19: NO | CF19: NO | CG19: NO | CH19: NO | CI19: NO | CJ19: NO | CK19: NO | CL19: NO | CM19: NO | CN19: NO | CO19: NO | CP19: NO | CQ19: NO | CR19: NO | CS19: NO | CT19: NO | CU19: NO | CV19: NO | CW19: NO | CX19: NO | CY19: NO | CZ19: NO | DA19: NO | DB19: NO | DC19: NO | DD19: NO | DE19: NO | DF19: NO | DG19: NO | DH19: NO | DI19: NO | DJ19: NO | DK19: NO | DL19: 0 | DM19: NO | DN19: NO | DO19: NO | DP19: NO | DQ19: NO | DR19: NO | DS19: 0 | DT19: NO | DU19: NO | DV19: NO | DW19: NO | DX19: NO | DY19: 0 | DZ19: NO | EA19: NO | EB19: NO | EC19: NO | ED19: NO | EE19: 0 | EF19: NO | EG19: NO | EH19: NO | EI19: NO | EJ19: NO | EK19: 0 | EL19: NO | EM19: NO | EN19: NO | EO19: NO | EP19: NO | EQ19: 0 | ER19: NO | ES19: 0 | ET19: NO | EU19: NO | EV19: NO | EW19: NO | EX19: NO | EY19: NO | EZ19: 0 | FA19: NO | FB19: NO | FC19: NO | FD19: NO | FE19: NO | FF19: 0 | FG19: NO | FH19: NO | FI19: NO | FJ19: NO | FK19: NO | FL19: N/A | FM19: NO | FN19: NO | FO19: NO | FP19: NO | FQ19: NO | FR19: N/A | FS19: NO | FT19: NO | FU19: NO | FV19: NO | FW19: NO | FX19: N/A | FY19: NO | FZ19: N/A | GA19: NO | GB19: NO | GC19: NO | GD19: NO | GE19: NO | GF19: NO | GG19: NO | GH19: N/A | GI19: NO | GJ19: N/A
A20: bccdc_003 | B20: 2024 | C20: YES | D20: YES | E20: YES | F20: NO | G20: NO | H20: NO | I20: 0 | J20: NO | K20: NO | L20: NO | M20: NO | N20: NO | O20: NO | P20: NO | Q20: NO | R20: NO | S20: 0 | T20: NO | U20: 0 | V20: NO | W20: NO | X20: NO | Y20: NO | Z20: NO | AA20: NO | AB20: NO | AC20: NO | AD20: NO | AE20: NO | AF20: NO | AG20: 0 | AH20: NO | AI20: NO | AJ20: 0 | AK20: NO | AL20: 0 | AM20: NO | AO20: NO | AP20: NO | AQ20: NO | AR20: NO | AS20: NO | AT20: NO | AU20: NO | AV20: NO | AW20: 0 | AX20: NO | AY20: 0 | AZ20: NO | BA20: NO | BB20: NO | BC20: NO | BD20: 0 | BE20: NO | BF20: NO | BG20: 0 | BH20: NO | BI20: NO | BJ20: NO | BK20: NO | BL20: N/A | BM20: NO | BN20: N/A | BO20: NO | BP20: NO | BQ20: NO | BR20: NO | BS20: NO | BT20: NO | BU20: NO | BV20: 0 | BW20: YES | BX20: YES | BY20: YES | BZ20: YES | CA20: YES | CB20: YES | CC20: NO | CD20: NO | CE20: NO | CF20: NO | CG20: NO | CH20: NO | CI20: NO | CJ20: NO | CK20: NO | CL20: NO | CM20: NO | CN20: YES | CO20: YES | CP20: YES | CQ20: NO | CR20: NO | CS20: YES | CT20: NO | CU20: NO | CV20: NO | CW20: NO | CX20: YES | CY20: NO | CZ20: YES | DA20: NO | DB20: NO | DC20: NO | DD20: NO | DE20: NO | DF20: NO | DG20: NO | DH20: NO | DI20: NO | DJ20: NO | DK20: NO | DL20: 0 | DM20: YES | DN20: YES | DO20: YES | DP20: NO | DQ20: NO | DR20: NO | DS20: 40-80% reduction in fine particles | DT20: NO | DU20: NO | DV20: NO | DW20: NO | DX20: NO | DY20: 0 | DZ20: NO | EA20: NO | EB20: NO | EC20: NO | ED20: NO | EE20: 0 | EF20: NO | EG20: NO | EH20: NO | EI20: NO | EJ20: NO | EK20: 0 | EL20: NO | EM20: NO | EN20: NO | EO20: NO | EP20: NO | EQ20: 0 | ER20: NO | ES20: 0 | ET20: NO | EU20: NO | EV20: NO | EW20: NO | EX20: NO | EY20: NO | EZ20: 0 | FA20: NO | FB20: NO | FC20: NO | FD20: NO | FE20: NO | FF20: 0 | FG20: NO | FH20: NO | FI20: NO | FJ20: NO | FK20: NO | FL20: N/A | FM20: NO | FN20: NO | FO20: NO | FP20: NO | FQ20: NO | FR20: N/A | FS20: NO | FT20: NO | FU20: NO | FV20: NO | FW20: NO | FX20: N/A | FY20: NO | FZ20: N/A | GA20: NO | GB20: NO | GC20: NO | GD20: NO | GE20: NO | GF20: NO | GG20: NO | GH20: N/A | GI20: NO | GJ20: N/A
A21: bccdc_004 | B21: 2025 | C21: YES | D21: NO | E21: NO | F21: NO | G21: NO | H21: NO | I21: 0 | J21: NO | K21: NO | L21: NO | M21: NO | N21: NO | O21: NO | P21: NO | Q21: NO | R21: NO | S21: 0 | T21: NO | U21: 0 | V21: YES | W21: YES | X21: YES | Y21: YES | Z21: YES | AA21: YES | AB21: YES | AC21: YES | AD21: NO | AE21: NO | AF21: NO | AG21: 0 | AH21: YES | AI21: NO | AJ21: 0 | AK21: YNO | AL21: 0 | AM21: NO | AO21: NO | AP21: NO | AQ21: NO | AR21: NO | AS21: NO | AT21: NO | AU21: NO | AV21: NO | AW21: 0 | AX21: NO | AY21: 0 | AZ21: NO | BA21: NO | BB21: NO | BC21: NO | BD21: 0 | BE21: NO | BF21: NO | BG21: 0 | BH21: NO | BI21: NO | BJ21: NO | BK21: NO | BL21: N/A | BM21: NO | BN21: N/A | BO21: NO | BP21: NO | BQ21: NO | BR21: NO | BS21: NO | BT21: NO | BU21: NO | BV21: 0 | BW21: NO | BX21: YES | BY21: NO | BZ21: NO | CA21: NO | CB21: NO | CC21: NO | CD21: NO | CE21: NO | CF21: NO | CG21: NO | CH21: NO | CI21: NO | CJ21: NO | CK21: NO | CL21: NO | CM21: NO | CN21: NO | CO21: NO | CP21: NO | CQ21: NO | CR21: NO | CS21: NO | CT21: NO | CU21: NO | CV21: NO | CW21: NO | CX21: NO | CY21: NO | CZ21: NO | DA21: NO | DB21: NO | DC21: NO | DD21: NO | DE21: NO | DF21: NO | DG21: NO | DH21: NO | DI21: NO | DJ21: NO | DK21: NO | DL21: 0 | DM21: NO | DN21: NO | DO21: NO | DP21: NO | DQ21: NO | DR21: NO | DS21: 0 | DT21: NO | DU21: NO | DV21: NO | DW21: NO | DX21: NO | DY21: 0 | DZ21: NO | EA21: NO | EB21: NO | EC21: NO | ED21: NO | EE21: 0 | EF21: NO | EG21: NO | EH21: NO | EI21: NO | EJ21: NO | EK21: 0 | EL21: NO | EM21: NO | EN21: NO | EO21: NO | EP21: NO | EQ21: 0 | ER21: NO | ES21: 0 | ET21: NO | EU21: NO | EV21: NO | EW21: NO | EX21: NO | EY21: NO | EZ21: 0 | FA21: NO | FB21: NO | FC21: NO | FD21: NO | FE21: NO | FF21: 0 | FG21: NO | FH21: NO | FI21: NO | FJ21: NO | FK21: NO | FL21: N/A | FM21: NO | FN21: NO | FO21: NO | FP21: NO | FQ21: NO | FR21: N/A | FS21: NO | FT21: NO | FU21: NO | FV21: NO | FW21: NO | FX21: N/A | FY21: NO | FZ21: N/A | GA21: NO | GB21: NO | GC21: NO | GD21: NO | GE21: NO | GF21: NO | GG21: NO | GH21: N/A | GI21: NO | GJ21: N/A
A22: bccdc_005 | B22: 2024 | C22: YES | D22: NO | E22: NO | F22: NO | G22: NO | H22: NO | I22: 0 | J22: NO | K22: NO | L22: NO | M22: NO | N22: NO | O22: NO | P22: NO | Q22: NO | R22: NO | S22: 0 | T22: NO | U22: 0 | V22: NO | W22: NO | X22: NO | Y22: NO | Z22: NO | AA22: NO | AB22: NO | AC22: NO | AD22: NO | AE22: NO | AF22: NO | AG22: 0 | AH22: NO | AI22: NO | AJ22: 0 | AK22: YNO | AL22: 0 | AM22: NO | AO22: NO | AP22: NO | AQ22: NO | AR22: NO | AS22: NO | AT22: NO | AU22: NO | AV22: NO | AW22: 0 | AX22: NO | AY22: 0 | AZ22: NO | BA22: NO | BB22: NO | BC22: NO | BD22: 0 | BE22: NO | BF22: NO | BG22: 0 | BH22: NO | BI22: NO | BJ22: NO | BK22: NO | BL22: N/A | BM22: NO | BN22: N/A | BO22: NO | BP22: NO | BQ22: NO | BR22: NO | BS22: NO | BT22: NO | BU22: NO | BV22: 0 | BW22: NO | BX22: NO | BY22: NO | BZ22: NO | CA22: NO | CB22: NO | CC22: NO | CD22: NO | CE22: NO | CF22: NO | CG22: NO | CH22: NO | CI22: NO | CJ22: NO | CK22: NO | CL22: NO | CM22: NO | CN22: NO | CO22: NO | CP22: NO | CQ22: NO | CR22: NO | CS22: NO | CT22: NO | CU22: NO | CV22: NO | CW22: NO | CX22: NO | CY22: NO | CZ22: NO | DA22: NO | DB22: NO | DC22: NO | DD22: NO | DE22: NO | DF22: NO | DG22: NO | DH22: NO | DI22: NO | DJ22: NO | DK22: NO | DL22: 0 | DM22: NO | DN22: NO | DO22: NO | DP22: NO | DQ22: NO | DR22: NO | DS22: 0 | DT22: NO | DU22: NO | DV22: NO | DW22: NO | DX22: NO | DY22: 0 | DZ22: NO | EA22: NO | EB22: NO | EC22: NO | ED22: NO | EE22: 0 | EF22: NO | EG22: NO | EH22: NO | EI22: NO | EJ22: NO | EK22: 0 | EL22: NO | EM22: NO | EN22: NO | EO22: NO | EP22: NO | EQ22: 0 | ER22: NO | ES22: 0 | ET22: NO | EU22: NO | EV22: NO | EW22: NO | EX22: NO | EY22: NO | EZ22: 0 | FA22: NO | FB22: NO | FC22: NO | FD22: NO | FE22: NO | FF22: 0 | FG22: NO | FH22: NO | FI22: NO | FJ22: NO | FK22: NO | FL22: N/A | FM22: NO | FN22: NO | FO22: NO | FP22: NO | FQ22: NO | FR22: N/A | FS22: NO | FT22: NO | FU22: NO | FV22: NO | FW22: NO | FX22: N/A | FY22: NO | FZ22: N/A | GA22: NO | GB22: NO | GC22: NO | GD22: NO | GE22: NO | GF22: NO | GG22: NO | GH22: N/A | GI22: NO | GJ22: N/A
A23: bccdc_006 | B23: 2024 | C23: YES | D23: NO | E23: NO | F23: NO | G23: NO | H23: NO | I23: 0 | J23: YES | K23: YES | L23: NO | M23: NO | N23: NO | O23: NO | P23: NO | Q23: NO | R23: NO | S23: 0 | T23: NO | U23: 0 | V23: NO | W23: NO | X23: NO | Y23: NO | Z23: NO | AA23: NO | AB23: NO | AC23: NO | AD23: NO | AE23: NO | AF23: NO | AG23: 0 | AH23: NO | AI23: NO | AJ23: 0 | AK23: NO | AL23: 0 | AM23: NO | AO23: NO | AP23: NO | AQ23: NO | AR23: NO | AS23: NO | AT23: NO | AU23: NO | AV23: NO | AW23: 0 | AX23: NO | AY23: 0 | AZ23: NO | BA23: NO | BB23: NO | BC23: NO | BD23: 0 | BE23: NO | BF23: NO | BG23: 0 | BH23: NO | BI23: NO | BJ23: NO | BK23: NO | BL23: N/A | BM23: NO | BN23: N/A | BO23: NO | BP23: NO | BQ23: NO | BR23: NO | BS23: NO | BT23: NO | BU23: NO | BV23: 0 | BW23: NO | BX23: NO | BY23: NO | BZ23: NO | CA23: NO | CB23: NO | CC23: NO | CD23: NO | CE23: NO | CF23: NO | CG23: NO | CH23: NO | CI23: NO | CJ23: NO | CK23: NO | CL23: NO | CM23: NO | CN23: NO | CO23: NO | CP23: NO | CQ23: NO | CR23: NO | CS23: NO | CT23: NO | CU23: NO | CV23: NO | CW23: NO | CX23: NO | CY23: NO | CZ23: NO | DA23: NO | DB23: NO | DC23: NO | DD23: NO | DE23: NO | DF23: NO | DG23: NO | DH23: NO | DI23: NO | DJ23: NO | DK23: NO | DL23: 0 | DM23: NO | DN23: NO | DO23: NO | DP23: NO | DQ23: NO | DR23: NO | DS23: 0 | DT23: NO | DU23: NO | DV23: NO | DW23: NO | DX23: NO | DY23: 0 | DZ23: NO | EA23: NO | EB23: NO | EC23: NO | ED23: NO | EE23: 0 | EF23: NO | EG23: NO | EH23: NO | EI23: NO | EJ23: NO | EK23: 0 | EL23: NO | EM23: NO | EN23: NO | EO23: NO | EP23: NO | EQ23: 0 | ER23: NO | ES23: 0 | ET23: NO | EU23: NO | EV23: NO | EW23: NO | EX23: NO | EY23: NO | EZ23: 0 | FA23: NO | FB23: NO | FC23: NO | FD23: NO | FE23: NO | FF23: 0 | FG23: NO | FH23: NO | FI23: NO | FJ23: NO | FK23: NO | FL23: N/A | FM23: NO | FN23: NO | FO23: NO | FP23: NO | FQ23: NO | FR23: N/A | FS23: NO | FT23: NO | FU23: NO | FV23: NO | FW23: NO | FX23: N/A | FY23: NO | FZ23: N/A | GA23: NO | GB23: NO | GC23: NO | GD23: NO | GE23: NO | GF23: NO | GG23: NO | GH23: N/A | GI23: NO | GJ23: N/A
A24: bccdc_007 | B24: 2024 | C24: YES | D24: NO | E24: NO | F24: NO | G24: NO | H24: NO | I24: 0 | J24: NO | K24: NO | L24: NO | M24: NO | N24: NO | O24: NO | P24: NO | Q24: NO | R24: NO | S24: 0 | T24: NO | U24: 0 | V24: YES | W24: NO | X24: NO | Y24: YES | Z24: YES | AA24: YES | AB24: NO | AC24: NO | AD24: NO | AE24: NO | AF24: YES | AG24: 0 | AH24: NO | AI24: NO | AJ24: 0 | AK24: NO | AL24: 0 | AM24: NO | AO24: NO | AP24: NO | AQ24: NO | AR24: NO | AS24: NO | AT24: NO | AU24: NO | AV24: NO | AW24: 0 | AX24: NO | AY24: 0 | AZ24: NO | BA24: NO | BB24: NO | BC24: NO | BD24: 0 | BE24: NO | BF24: NO | BG24: 0 | BH24: NO | BI24: NO | BJ24: NO | BK24: NO | BL24: N/A | BM24: NO | BN24: N/A | BO24: NO | BP24: NO | BQ24: NO | BR24: NO | BS24: NO | BT24: NO | BU24: NO | BV24: 0 | BW24: NO | BX24: NO | BY24: NO | BZ24: NO | CA24: NO | CB24: NO | CC24: NO | CD24: NO | CE24: NO | CF24: NO | CG24: NO | CH24: NO | CI24: NO | CJ24: NO | CK24: NO | CL24: NO | CM24: NO | CN24: NO | CO24: NO | CP24: NO | CQ24: NO | CR24: NO | CS24: NO | CT24: NO | CU24: NO | CV24: NO | CW24: NO | CX24: NO | CY24: NO | CZ24: NO | DA24: NO | DB24: NO | DC24: NO | DD24: NO | DE24: NO | DF24: NO | DG24: NO | DH24: NO | DI24: NO | DJ24: NO | DK24: NO | DL24: 0 | DM24: NO | DN24: NO | DO24: NO | DP24: NO | DQ24: NO | DR24: NO | DS24: 0 | DT24: NO | DU24: NO | DV24: NO | DW24: NO | DX24: NO | DY24: 0 | DZ24: NO | EA24: NO | EB24: NO | EC24: NO | ED24: NO | EE24: 0 | EF24: NO | EG24: NO | EH24: NO | EI24: NO | EJ24: NO | EK24: 0 | EL24: NO | EM24: NO | EN24: NO | EO24: NO | EP24: NO | EQ24: 0 | ER24: NO | ES24: 0 | ET24: NO | EU24: NO | EV24: NO | EW24: NO | EX24: NO | EY24: NO | EZ24: 0 | FA24: NO | FB24: NO | FC24: NO | FD24: NO | FE24: NO | FF24: 0 | FG24: NO | FH24: NO | FI24: NO | FJ24: NO | FK24: NO | FL24: N/A | FM24: NO | FN24: NO | FO24: NO | FP24: NO | FQ24: NO | FR24: N/A | FS24: NO | FT24: NO | FU24: NO | FV24: NO | FW24: NO | FX24: N/A | FY24: NO | FZ24: N/A | GA24: NO | GB24: NO | GC24: NO | GD24: NO | GE24: NO | GF24: NO | GG24: NO | GH24: N/A | GI24: NO | GJ24: N/A
A25: bccdc_008 | B25: 2024 | C25: YES | D25: NO | E25: NO | F25: NO | G25: NO | H25: NO | I25: 0 | J25: NO | K25: NO | L25: NO | M25: YES | N25: YES | O25: YES | P25: YES | Q25: NO | R25: YES | S25: 0 | T25: NO | U25: 0 | V25: NO | W25: NO | X25: NO | Y25: NO | Z25: YES | AA25: YES | AB25: NO | AC25: NO | AD25: NO | AE25: NO | AF25: NO | AG25: 0 | AH25: NO | AI25: NO | AJ25: 0 | AK25: NO | AL25: 0 | AM25: NO | AO25: NO | AP25: NO | AQ25: NO | AR25: NO | AS25: NO | AT25: NO | AU25: NO | AV25: NO | AW25: 0 | AX25: NO | AY25: 0 | AZ25: NO | BA25: NO | BB25: NO | BC25: NO | BD25: 0 | BE25: NO | BF25: NO | BG25: 0 | BH25: NO | BI25: NO | BJ25: NO | BK25: NO | BL25: N/A | BM25: NO | BN25: N/A | BO25: NO | BP25: NO | BQ25: NO | BR25: NO | BS25: NO | BT25: NO | BU25: NO | BV25: 0 | BW25: YES | BX25: NO | BY25: NO | BZ25: NO | CA25: NO | CB25: NO | CC25: NO | CD25: NO | CE25: NO | CF25: NO | CG25: NO | CH25: NO | CI25: NO | CJ25: NO | CK25: NO | CL25: NO | CM25: NO | CN25: YES | CO25: NO | CP25: NO | CQ25: NO | CR25: NO | CS25: NO | CT25: NO | CU25: NO | CV25: NO | CW25: NO | CX25: NO | CY25: NO | CZ25: NO | DA25: NO | DB25: NO | DC25: NO | DD25: NO | DE25: NO | DF25: YES | DG25: NO | DH25: YES | DI25: NO | DJ25: YES | DK25: NO | DL25: 0 | DM25: YES | DN25: NO | DO25: NO | DP25: NO | DQ25: NO | DR25: NO | DS25: 0 | DT25: NO | DU25: NO | DV25: NO | DW25: NO | DX25: NO | DY25: 0 | DZ25: NO | EA25: NO | EB25: NO | EC25: NO | ED25: NO | EE25: 0 | EF25: NO | EG25: NO | EH25: NO | EI25: NO | EJ25: NO | EK25: 0 | EL25: YES | EM25: YES | EN25: NO | EO25: NO | EP25: NO | EQ25: 0.9 | ER25: NO | ES25: 0 | ET25: NO | EU25: NO | EV25: NO | EW25: NO | EX25: NO | EY25: NO | EZ25: 0 | FA25: NO | FB25: NO | FC25: NO | FD25: NO | FE25: NO | FF25: 0 | FG25: NO | FH25: NO | FI25: NO | FJ25: NO | FK25: NO | FL25: N/A | FM25: NO | FN25: NO | FO25: NO | FP25: NO | FQ25: NO | FR25: N/A | FS25: NO | FT25: NO | FU25: NO | FV25: NO | FW25: NO | FX25: N/A | FY25: NO | FZ25: N/A | GA25: NO | GB25: NO | GC25: NO | GD25: NO | GE25: NO | GF25: NO | GG25: NO | GH25: N/A | GI25: NO | GJ25: N/A
A26: bccdc_009 | B26: 2024 | C26: YES | D26: NO | E26: NO | F26: NO | G26: NO | H26: NO | I26: 0 | J26: NO | K26: NO | L26: NO | M26: NO | N26: NO | O26: NO | P26: NO | Q26: NO | R26: NO | S26: 0 | T26: NO | U26: 0 | V26: YES | W26: YES | X26: YES | Y26: NO | Z26: NO | AA26: YES | AB26: NO | AC26: NO | AD26: NO | AE26: NO | AF26: YES | AG26: Find cleaner air, wear a respiratory or mask outdoors | AH26: NO | AI26: NO | AJ26: 0 | AK26: NO | AL26: 0 | AM26: NO | AO26: NO | AP26: NO | AQ26: NO | AR26: NO | AS26: NO | AT26: NO | AU26: NO | AV26: NO | AW26: 0 | AX26: NO | AY26: 0 | AZ26: NO | BA26: NO | BB26: NO | BC26: NO | BD26: 0 | BE26: NO | BF26: NO | BG26: 0 | BH26: NO | BI26: NO | BJ26: NO | BK26: NO | BL26: N/A | BM26: NO | BN26: N/A | BO26: NO | BP26: NO | BQ26: NO | BR26: NO | BS26: NO | BT26: NO | BU26: NO | BV26: 0 | BW26: YES | BX26: NO | BY26: NO | BZ26: NO | CA26: NO | CB26: NO | CC26: YES | CD26: NO | CE26: NO | CF26: YES | CG26: NO | CH26: YES | CI26: NO | CJ26: NO | CK26: YES | CL26: NO | CM26: NO | CN26: NO | CO26: NO | CP26: NO | CQ26: NO | CR26: NO | CS26: NO | CT26: NO | CU26: NO | CV26: NO | CW26: NO | CX26: NO | CY26: NO | CZ26: NO | DA26: NO | DB26: NO | DC26: NO | DD26: NO | DE26: NO | DF26: NO | DG26: NO | DH26: NO | DI26: NO | DJ26: NO | DK26: NO | DL26: 0 | DM26: NO | DN26: NO | DO26: NO | DP26: NO | DQ26: NO | DR26: NO | DS26: 0 | DT26: NO | DU26: NO | DV26: NO | DW26: NO | DX26: NO | DY26: 0 | DZ26: NO | EA26: NO | EB26: NO | EC26: NO | ED26: NO | EE26: 0 | EF26: NO | EG26: NO | EH26: NO | EI26: NO | EJ26: NO | EK26: 0 | EL26: NO | EM26: NO | EN26: NO | EO26: NO | EP26: NO | EQ26: 0 | ER26: NO | ES26: 0 | ET26: NO | EU26: NO | EV26: NO | EW26: NO | EX26: NO | EY26: NO | EZ26: 0 | FA26: NO | FB26: NO | FC26: NO | FD26: NO | FE26: NO | FF26: 0 | FG26: NO | FH26: NO | FI26: NO | FJ26: NO | FK26: NO | FL26: N/A | FM26: NO | FN26: NO | FO26: NO | FP26: NO | FQ26: NO | FR26: N/A | FS26: NO | FT26: NO | FU26: NO | FV26: NO | FW26: NO | FX26: N/A | FY26: NO | FZ26: N/A | GA26: NO | GB26: NO | GC26: NO | GD26: NO | GE26: NO | GF26: NO | GG26: NO | GH26: N/A | GI26: NO | GJ26: N/A
A27: bccdc_010 | B27: 2024 | C27: YES | D27: YES | E27: YES | F27: YES | G27: NO | H27: NO | I27: 0 | J27: NO | K27: NO | L27: NO | M27: YES | N27: NO | O27: NO | P27: NO | Q27: NO | R27: NO | S27: 0 | T27: NO | U27: 0 | V27: YES | W27: YES | X27: NO | Y27: NO | Z27: NO | AA27: NO | AB27: NO | AC27: NO | AD27: NO | AE27: NO | AF27: YES | AG27: Go outside when air is less smoky | AH27: NO | AI27: NO | AJ27: 0 | AK27: NO | AL27: 0 | AM27: NO | AO27: YES | AP27: NO | AQ27: NO | AR27: NO | AS27: YES | AT27: YES | AU27: NO | AV27: NO | AW27: 0 | AX27: NO | AY27: 0 | AZ27: NO | BA27: NO | BB27: NO | BC27: NO | BD27: 0 | BE27: NO | BF27: NO | BG27: 0 | BH27: NO | BI27: NO | BJ27: NO | BK27: NO | BL27: N/A | BM27: NO | BN27: N/A | BO27: NO | BP27: NO | BQ27: NO | BR27: NO | BS27: NO | BT27: NO | BU27: NO | BV27: 0 | BW27: NO | BX27: NO | BY27: NO | BZ27: NO | CA27: NO | CB27: NO | CC27: NO | CD27: NO | CE27: NO | CF27: NO | CG27: NO | CH27: NO | CI27: NO | CJ27: NO | CK27: NO | CL27: NO | CM27: NO | CN27: YES | CO27: NO | CP27: NO | CQ27: NO | CR27: NO | CS27: NO | CT27: NO | CU27: NO | CV27: NO | CW27: NO | CX27: NO | CY27: NO | CZ27: NO | DA27: NO | DB27: NO | DC27: NO | DD27: NO | DE27: NO | DF27: YES | DG27: NO | DH27: NO | DI27: NO | DJ27: YES | DK27: NO | DL27: 0 | DM27: NO | DN27: NO | DO27: NO | DP27: NO | DQ27: NO | DR27: NO | DS27: 0 | DT27: NO | DU27: NO | DV27: NO | DW27: NO | DX27: NO | DY27: 0 | DZ27: NO | EA27: NO | EB27: NO | EC27: NO | ED27: NO | EE27: 0 | EF27: NO | EG27: NO | EH27: NO | EI27: NO | EJ27: NO | EK27: 0 | EL27: NO | EM27: NO | EN27: NO | EO27: NO | EP27: NO | EQ27: 0 | ER27: NO | ES27: 0 | ET27: NO | EU27: NO | EV27: NO | EW27: NO | EX27: NO | EY27: NO | EZ27: 0 | FA27: NO | FB27: NO | FC27: NO | FD27: NO | FE27: NO | FF27: 0 | FG27: NO | FH27: NO | FI27: NO | FJ27: NO | FK27: NO | FL27: N/A | FM27: NO | FN27: NO | FO27: NO | FP27: NO | FQ27: NO | FR27: N/A | FS27: NO | FT27: NO | FU27: NO | FV27: NO | FW27: NO | FX27: N/A | FY27: NO | FZ27: N/A | GA27: NO | GB27: NO | GC27: NO | GD27: NO | GE27: NO | GF27: NO | GG27: NO | GH27: N/A | GI27: NO | GJ27: N/A
A28: bccdc_011 | B28: 2025 | C28: YES | D28: YES | E28: YES | F28: YES | G28: NO | H28: YES | I28: MERV 13 | J28: NO | K28: NO | L28: NO | M28: NO | N28: NO | O28: NO | P28: NO | Q28: NO | R28: NO | S28: 0 | T28: NO | U28: 0 | V28: NO | W28: NO | X28: NO | Y28: NO | Z28: NO | AA28: NO | AB28: NO | AC28: NO | AD28: NO | AE28: NO | AF28: NO | AG28: 0 | AH28: NO | AI28: NO | AJ28: 0 | AK28: NO | AL28: 0 | AM28: NO | AO28: NO | AP28: NO | AQ28: NO | AR28: NO | AS28: NO | AT28: NO | AU28: NO | AV28: NO | AW28: 0 | AX28: NO | AY28: 0 | AZ28: NO | BA28: NO | BB28: NO | BC28: NO | BD28: 0 | BE28: NO | BF28: NO | BG28: 0 | BH28: NO | BI28: NO | BJ28: NO | BK28: NO | BL28: N/A | BM28: NO | BN28: N/A | BO28: NO | BP28: NO | BQ28: NO | BR28: NO | BS28: NO | BT28: NO | BU28: NO | BV28: 0 | BW28: YES | BX28: NO | BY28: NO | BZ28: NO | CA28: NO | CB28: NO | CC28: YES | CD28: NO | CE28: NO | CF28: YES | CG28: NO | CH28: NO | CI28: NO | CJ28: NO | CK28: NO | CL28: NO | CM28: NO | CN28: YES | CO28: YES | CP28: YES | CQ28: NO | CR28: NO | CS28: NO | CT28: YES | CU28: NO | CV28: NO | CW28: YES | CX28: NO | CY28: NO | CZ28: NO | DA28: NO | DB28: NO | DC28: NO | DD28: NO | DE28: NO | DF28: NO | DG28: NO | DH28: NO | DI28: NO | DJ28: NO | DK28: NO | DL28: 0 | DM28: NO | DN28: NO | DO28: NO | DP28: NO | DQ28: NO | DR28: NO | DS28: 0 | DT28: NO | DU28: NO | DV28: NO | DW28: NO | DX28: NO | DY28: 0 | DZ28: NO | EA28: NO | EB28: NO | EC28: NO | ED28: NO | EE28: 0 | EF28: NO | EG28: NO | EH28: NO | EI28: NO | EJ28: NO | EK28: 0 | EL28: NO | EM28: NO | EN28: NO | EO28: NO | EP28: NO | EQ28: 0 | ER28: NO | ES28: 0 | ET28: NO | EU28: NO | EV28: NO | EW28: NO | EX28: NO | EY28: NO | EZ28: 0 | FA28: NO | FB28: NO | FC28: NO | FD28: NO | FE28: NO | FF28: 0 | FG28: NO | FH28: NO | FI28: NO | FJ28: NO | FK28: NO | FL28: N/A | FM28: NO | FN28: NO | FO28: NO | FP28: NO | FQ28: NO | FR28: N/A | FS28: NO | FT28: NO | FU28: NO | FV28: NO | FW28: NO | FX28: N/A | FY28: NO | FZ28: N/A | GA28: NO | GB28: NO | GC28: NO | GD28: NO | GE28: NO | GF28: NO | GG28: NO | GH28: N/A | GI28: NO | GJ28: N/A
A29: bccdc_012 | B29: 2025 | C29: YES | D29: YES | E29: YES | F29: YES | G29: NO | H29: YES | J29: NO | K29: NO | L29: NO | M29: NO | N29: NO | O29: NO | P29: NO | Q29: NO | R29: NO | S29: 0 | T29: NO | U29: 0 | V29: YES | W29: YES | X29: YES | Y29: YES | Z29: YES | AA29: YES | AB29: NO | AC29: NO | AD29: NO | AE29: NO | AF29: YES | AG29: Provides table with instructions for outdoor events based on AQHI | AH29: NO | AI29: NO | AJ29: 0 | AK29: NO | AL29: 0 | AM29: YES | AN29: Contingency Plan for wild fire smoke during planned outdoor activities | AO29: NO | AP29: NO | AQ29: NO | AR29: NO | AS29: NO | AT29: NO | AU29: NO | AV29: NO | AW29: 0 | AX29: NO | AY29: 0 | AZ29: NO | BA29: NO | BB29: NO | BC29: NO | BD29: 0 | BE29: NO | BF29: NO | BG29: 0 | BH29: NO | BI29: NO | BJ29: NO | BK29: NO | BL29: N/A | BM29: NO | BN29: N/A | BO29: NO | BP29: NO | BQ29: NO | BR29: NO | BS29: NO | BT29: NO | BU29: NO | BV29: 0 | BW29: YES | BX29: NO | BY29: NO | BZ29: NO | CA29: NO | CB29: NO | CC29: NO | CD29: NO | CE29: NO | CF29: NO | CG29: NO | CH29: NO | CI29: NO | CJ29: NO | CK29: NO | CL29: NO | CM29: NO | CN29: NO | CO29: NO | CP29: NO | CQ29: NO | CR29: NO | CS29: NO | CT29: YES | CU29: NO | CV29: NO | CW29: NO | CX29: NO | CY29: NO | CZ29: NO | DA29: NO | DB29: NO | DC29: NO | DD29: NO | DE29: NO | DF29: NO | DG29: NO | DH29: NO | DI29: NO | DJ29: NO | DK29: NO | DL29: 0 | DM29: NO | DN29: NO | DO29: NO | DP29: NO | DQ29: NO | DR29: NO | DS29: 0 | DT29: NO | DU29: NO | DV29: NO | DW29: NO | DX29: NO | DY29: 0 | DZ29: NO | EA29: NO | EB29: NO | EC29: NO | ED29: NO | EE29: 0 | EF29: NO | EG29: NO | EH29: NO | EI29: NO | EJ29: NO | EK29: 0 | EL29: NO | EM29: NO | EN29: NO | EO29: NO | EP29: NO | EQ29: 0 | ER29: NO | ES29: 0 | ET29: NO | EU29: NO | EV29: NO | EW29: NO | EX29: NO | EY29: NO | EZ29: 0 | FA29: NO | FB29: NO | FC29: NO | FD29: NO | FE29: NO | FF29: 0 | FG29: NO | FH29: NO | FI29: NO | FJ29: NO | FK29: NO | FL29: N/A | FM29: NO | FN29: NO | FO29: NO | FP29: NO | FQ29: NO | FR29: N/A | FS29: NO | FT29: NO | FU29: NO | FV29: NO | FW29: NO | FX29: N/A | FY29: NO | FZ29: N/A | GA29: NO | GB29: NO | GC29: NO | GD29: NO | GE29: NO | GF29: NO | GG29: NO | GH29: N/A | GI29: NO | GJ29: N/A
A30: bccdc_013 | B30: 2025 | C30: YES | D30: YES | E30: YES | F30: YES | G30: NO | H30: YES | I30: MERV 13 | J30: NO | K30: NO | L30: NO | M30: NO | N30: NO | O30: NO | P30: NO | Q30: NO | R30: NO | S30: 0 | T30: NO | U30: 0 | V30: YES | W30: YES | X30: YES | Y30: YES | Z30: NO | AA30: YES | AB30: NO | AC30: NO | AD30: NO | AE30: NO | AF30: YES | AG30: Provides table with instructions for outdoor events based on AQHI | AH30: NO | AI30: NO | AJ30: 0 | AK30: NO | AL30: 0 | AM30: YES | AN30: Develop a wildfire smoke readiness plan for schools, records of students with chronic health conditions | AO30: YES | AP30: NO | AQ30: YES | AR30: NO | AS30: NO | AT30: NO | AU30: NO | AV30: NO | AW30: 0 | AX30: NO | AY30: 0 | AZ30: NO | BA30: NO | BB30: NO | BC30: NO | BD30: 0 | BE30: NO | BF30: NO | BG30: 0 | BH30: NO | BI30: NO | BJ30: NO | BK30: NO | BL30: N/A | BM30: NO | BN30: N/A | BO30: NO | BP30: NO | BQ30: NO | BR30: NO | BS30: NO | BT30: NO | BU30: NO | BV30: 0 | BW30: NO | BX30: NO | BY30: NO | BZ30: NO | CA30: NO | CB30: NO | CC30: NO | CD30: NO | CE30: NO | CF30: NO | CG30: NO | CH30: NO | CI30: NO | CJ30: NO | CK30: NO | CL30: NO | CM30: NO | CN30: NO | CO30: NO | CP30: NO | CQ30: NO | CR30: NO | CS30: NO | CT30: YES | CU30: NO | CV30: NO | CW30: NO | CX30: NO | CY30: NO | CZ30: NO | DA30: NO | DB30: NO | DC30: NO | DD30: NO | DE30: NO | DF30: NO | DG30: NO | DH30: NO | DI30: NO | DJ30: NO | DK30: NO | DL30: 0 | DM30: NO | DN30: NO | DO30: NO | DP30: NO | DQ30: NO | DR30: NO | DS30: 0 | DT30: NO | DU30: NO | DV30: NO | DW30: NO | DX30: NO | DY30: 0 | DZ30: NO | EA30: NO | EB30: NO | EC30: NO | ED30: NO | EE30: 0 | EF30: NO | EG30: NO | EH30: NO | EI30: NO | EJ30: NO | EK30: 0 | EL30: NO | EM30: NO | EN30: NO | EO30: NO | EP30: NO | EQ30: 0 | ER30: NO | ES30: 0 | ET30: NO | EU30: NO | EV30: NO | EW30: NO | EX30: NO | EY30: NO | EZ30: 0 | FA30: NO | FB30: NO | FC30: NO | FD30: NO | FE30: NO | FF30: 0 | FG30: NO | FH30: NO | FI30: NO | FJ30: NO | FK30: NO | FL30: N/A | FM30: NO | FN30: NO | FO30: NO | FP30: NO | FQ30: NO | FR30: N/A | FS30: NO | FT30: NO | FU30: NO | FV30: NO | FW30: NO | FX30: N/A | FY30: NO | FZ30: N/A | GA30: NO | GB30: NO | GC30: NO | GD30: NO | GE30: NO | GF30: NO | GG30: NO | GH30: N/A | GI30: NO | GJ30: N/A

Sheet Content analysis_text agreement
B1: YES = agreed No = not agreed
B2: run_HVAC_filter_type_txt | C2: run_HVAC_filter_type_txt | D2: run_HVAC_filter_type_txt | E2: wear_mask_against_txt | F2: wear_mask_against_txt | G2: wear_mask_against_txt | H2: wear_mask_other_txt | I2: wear_mask_other_txt | J2: wear_mask_other_txt | K2: outdoor_AQ_action_txt | L2: =K2 -> outdoor_AQ_action_txt | M2: =L2 -> outdoor_AQ_action_txt | N2: indoor_monitor_action_txt | O2: =N2 -> indoor_monitor_action_txt | P2: =O2 -> indoor_monitor_action_txt | Q2: other_health_action_txt | R2: =Q2 -> other_health_action_txt | S2: =Q2 -> other_health_action_txt | T2: target_group_current_other_health_txt | U2: =T2 -> target_group_current_other_health_txt | V2: =U2 -> target_group_current_other_health_txt | W2: target_group_current_other_txt | X2: =W2 -> target_group_current_other_txt | Y2: =X2 -> target_group_current_other_txt | Z2: guidance_goal_protect_health_other_txt | AA2: =Z2 -> guidance_goal_protect_health_other_txt | AB2: =AA2 -> guidance_goal_protect_health_other_txt | AC2: guidance_goal_other_txt | AD2: =AC2 -> guidance_goal_other_txt | AE2: =AD2 -> guidance_goal_other_txt | AF2: author_additional_info_txt | AG2: =AF2 -> author_additional_info_txt | AH2: =AG2 -> author_additional_info_txt | AI2: dev_process_details_txt | AJ2: =AI2 -> dev_process_details_txt | AK2: =AJ2 -> dev_process_details_txt | AL2: language_other_txt | AM2: =AL2 -> language_other_txt | AN2: =AM2 -> language_other_txt | AO2: burden_other_txt | AP2: =AO2 -> burden_other_txt | AQ2: =AP2 -> burden_other_txt | AR2: effectsize_HEPA_txt | AS2: =AR2 -> effectsize_HEPA_txt | AT2: =AS2 -> effectsize_HEPA_txt | AU2: effectsize_DIY_txt | AV2: =AU2 -> effectsize_DIY_txt | AW2: =AV2 -> effectsize_DIY_txt | AX2: effectsize_stay_indoors_txt | AY2: =AX2 -> effectsize_stay_indoors_txt | AZ2: =AY2 -> effectsize_stay_indoors_txt | BA2: effectsize_reduce_exercise_txt | BB2: =BA2 -> effectsize_reduce_exercise_txt | BC2: =BB2 -> effectsize_reduce_exercise_txt | BD2: effectsize_mask_txt | BE2: =BD2 -> effectsize_mask_txt | BF2: =BE2 -> effectsize_mask_txt | BG2: =BH2 -> effectsize_other_action_txt | BH2: effectsize_other_action_txt | BI2: =BH2 -> effectsize_other_action_txt | BJ2: effectsize_burden_HEPA_txt | BK2: =BJ2 -> effectsize_burden_HEPA_txt | BL2: =BK2 -> effectsize_burden_HEPA_txt | BM2: effectsize_burden_DIY_txt | BN2: =BM2 -> effectsize_burden_DIY_txt | BO2: =BN2 -> effectsize_burden_DIY_txt | BP2: effectsize_burden_stay_indoors_txt | BQ2: =BP2 -> effectsize_burden_stay_indoors_txt | BR2: =BQ2 -> effectsize_burden_stay_indoors_txt | BS2: effectsize_burden_reduce_exercise_txt | BT2: =BS2 -> effectsize_burden_reduce_exercise_txt | BU2: =BT2 -> effectsize_burden_reduce_exercise_txt | BV2: effectsize_burden_mask_txt | BW2: =BV2 -> effectsize_burden_mask_txt | BX2: =BW2 -> effectsize_burden_mask_txt | BY2: effectsize_burden_other_action_txt | BZ2: =BY2 -> effectsize_burden_other_action_txt | CA2: =BZ2 -> effectsize_burden_other_action_txt | CB2: evidence_quality_other_action_txt | CC2: =CB2 -> evidence_quality_other_action_txt | CD2: =CC2 -> evidence_quality_other_action_txt | CE2: references_scientific_publications_txt | CF2: =CE2 -> references_scientific_publications_txt | CG2: =CF2 -> references_scientific_publications_txt
A3: doc_id | B3: ="MB_"&B2 -> MB_run_HVAC_filter_type_txt | C3: ="SL_"&C2 -> SL_run_HVAC_filter_type_txt | D3: ="agree_"&D2 -> agree_run_HVAC_filter_type_txt | E3: ="MB_"&E2 -> MB_wear_mask_against_txt | F3: ="SL_"&F2 -> SL_wear_mask_against_txt | G3: ="agree_"&G2 -> agree_wear_mask_against_txt | H3: ="MB_"&H2 -> MB_wear_mask_other_txt | I3: ="SL_"&I2 -> SL_wear_mask_other_txt | J3: ="agree_"&J2 -> agree_wear_mask_other_txt | K3: ="MB_"&K2 -> MB_outdoor_AQ_action_txt | L3: ="SL_"&L2 -> SL_outdoor_AQ_action_txt | M3: ="agree_"&M2 -> agree_outdoor_AQ_action_txt | N3: ="MB_"&N2 -> MB_indoor_monitor_action_txt | O3: ="SL_"&O2 -> SL_indoor_monitor_action_txt | P3: ="agree_"&P2 -> agree_indoor_monitor_action_txt | Q3: ="MB_"&Q2 -> MB_other_health_action_txt | R3: ="SL_"&R2 -> SL_other_health_action_txt | S3: ="agree_"&S2 -> agree_other_health_action_txt | T3: ="MB_"&T2 -> MB_target_group_current_other_health_txt | U3: ="SL_"&U2 -> SL_target_group_current_other_health_txt | V3: ="agree_"&V2 -> agree_target_group_current_other_health_txt | W3: ="MB_"&W2 -> MB_target_group_current_other_txt | X3: ="SL_"&X2 -> SL_target_group_current_other_txt | Y3: ="agree_"&Y2 -> agree_target_group_current_other_txt | Z3: ="MB_"&Z2 -> MB_guidance_goal_protect_health_other_txt | AA3: ="SL_"&AA2 -> SL_guidance_goal_protect_health_other_txt | AB3: ="agree_"&AB2 -> agree_guidance_goal_protect_health_other_txt | AC3: ="MB_"&AC2 -> MB_guidance_goal_other_txt | AD3: ="SL_"&AD2 -> SL_guidance_goal_other_txt | AE3: ="agree_"&AE2 -> agree_guidance_goal_other_txt | AF3: ="MB_"&AF2 -> MB_author_additional_info_txt | AG3: ="SL_"&AG2 -> SL_author_additional_info_txt | AH3: ="agree_"&AH2 -> agree_author_additional_info_txt | AI3: ="MB_"&AI2 -> MB_dev_process_details_txt | AJ3: ="SL_"&AJ2 -> SL_dev_process_details_txt | AK3: ="agree_"&AK2 -> agree_dev_process_details_txt | AL3: ="MB_"&AL2 -> MB_language_other_txt | AM3: ="SL_"&AM2 -> SL_language_other_txt | AN3: ="agree_"&AN2 -> agree_language_other_txt | AO3: ="MB_"&AO2 -> MB_burden_other_txt | AP3: ="SL_"&AP2 -> SL_burden_other_txt | AQ3: ="agree_"&AQ2 -> agree_burden_other_txt | AR3: ="MB_"&AR2 -> MB_effectsize_HEPA_txt | AS3: ="SL_"&AS2 -> SL_effectsize_HEPA_txt | AT3: ="agree_"&AT2 -> agree_effectsize_HEPA_txt | AU3: ="MB_"&AU2 -> MB_effectsize_DIY_txt | AV3: ="SL_"&AV2 -> SL_effectsize_DIY_txt | AW3: ="agree_"&AW2 -> agree_effectsize_DIY_txt | AX3: ="MB_"&AX2 -> MB_effectsize_stay_indoors_txt | AY3: ="SL_"&AY2 -> SL_effectsize_stay_indoors_txt | AZ3: ="agree_"&AZ2 -> agree_effectsize_stay_indoors_txt | BA3: ="MB_"&BA2 -> MB_effectsize_reduce_exercise_txt | BB3: ="SL_"&BB2 -> SL_effectsize_reduce_exercise_txt | BC3: ="agree_"&BC2 -> agree_effectsize_reduce_exercise_txt | BD3: ="MB_"&BD2 -> MB_effectsize_mask_txt | BE3: ="SL_"&BE2 -> SL_effectsize_mask_txt | BF3: ="agree_"&BF2 -> agree_effectsize_mask_txt | BG3: ="MB_"&BG2 -> MB_effectsize_other_action_txt | BH3: ="SL_"&BH2 -> SL_effectsize_other_action_txt | BI3: ="agree_"&BI2 -> agree_effectsize_other_action_txt | BJ3: ="MB_"&BJ2 -> MB_effectsize_burden_HEPA_txt | BK3: ="SL_"&BK2 -> SL_effectsize_burden_HEPA_txt | BL3: ="agree_"&BL2 -> agree_effectsize_burden_HEPA_txt | BM3: ="MB_"&BM2 -> MB_effectsize_burden_DIY_txt | BN3: ="SL_"&BN2 -> SL_effectsize_burden_DIY_txt | BO3: ="agree_"&BO2 -> agree_effectsize_burden_DIY_txt | BP3: ="MB_"&BP2 -> MB_effectsize_burden_stay_indoors_txt | BQ3: ="SL_"&BQ2 -> SL_effectsize_burden_stay_indoors_txt | BR3: ="agree_"&BR2 -> agree_effectsize_burden_stay_indoors_txt | BS3: ="MB_"&BS2 -> MB_effectsize_burden_reduce_exercise_txt | BT3: ="SL_"&BT2 -> SL_effectsize_burden_reduce_exercise_txt | BU3: ="agree_"&BU2 -> agree_effectsize_burden_reduce_exercise_txt | BV3: ="MB_"&BV2 -> MB_effectsize_burden_mask_txt | BW3: ="SL_"&BW2 -> SL_effectsize_burden_mask_txt | BX3: ="agree_"&BX2 -> agree_effectsize_burden_mask_txt | BY3: ="MB_"&BY2 -> MB_effectsize_burden_other_action_txt | BZ3: ="SL_"&BZ2 -> SL_effectsize_burden_other_action_txt | CA3: ="agree_"&CA2 -> agree_effectsize_burden_other_action_txt | CB3: ="MB_"&CB2 -> MB_evidence_quality_other_action_txt | CC3: ="SL_"&CC2 -> SL_evidence_quality_other_action_txt | CD3: ="agree_"&CD2 -> agree_evidence_quality_other_action_txt | CE3: ="MB_"&CE2 -> MB_references_scientific_publications_txt | CF3: ="SL_"&CF2 -> SL_references_scientific_publications_txt | CG3: ="agree_"&CG2 -> agree_references_scientific_publications_txt
A4: vch_001 | B4: N/A | C4: N/A | D4: =IF(IF(OR(B4=0,B4="N/A"),"MISSING",B4)=IF(OR(C4=0,C4="N/A"),"MISSING",C4),"YES","MANUAL_ASSESS") -> YES | E4: 0 | F4: N/A | G4: =IF(IF(OR(E4=0,E4="N/A"),"MISSING",E4)=IF(OR(F4=0,F4="N/A"),"MISSING",F4),"YES","MANUAL_ASSESS") -> YES | H4: 0 | I4: N/A | J4: =IF(IF(OR(H4=0,H4="N/A"),"MISSING",H4)=IF(OR(I4=0,I4="N/A"),"MISSING",I4),"YES","MANUAL_ASSESS") -> YES | K4: 0 | L4: N/A | M4: =IF(IF(OR(K4=0,K4="N/A"),"MISSING",K4)=IF(OR(L4=0,L4="N/A"),"MISSING",L4),"YES","MANUAL_ASSESS") -> YES | N4: 0 | O4: N/A | P4: =IF(IF(OR(N4=0,N4="N/A"),"MISSING",N4)=IF(OR(O4=0,O4="N/A"),"MISSING",O4),"YES","MANUAL_ASSESS") -> YES | Q4: 0 | R4: hydrate | S4: NO | T4: 0 | U4: N/A | V4: =IF(IF(OR(T4=0,T4="N/A"),"MISSING",T4)=IF(OR(U4=0,U4="N/A"),"MISSING",U4),"YES","MANUAL_ASSESS") -> YES | W4: 0 | X4: N/A | Y4: =IF(IF(OR(W4=0,W4="N/A"),"MISSING",W4)=IF(OR(X4=0,X4="N/A"),"MISSING",X4),"YES","MANUAL_ASSESS") -> YES | Z4: 0 | AA4: N/A | AB4: =IF(IF(OR(Z4=0,Z4="N/A"),"MISSING",Z4)=IF(OR(AA4=0,AA4="N/A"),"MISSING",AA4),"YES","MANUAL_ASSESS") -> YES | AC4: 0 | AD4: N/A | AE4: =IF(IF(OR(AC4=0,AC4="N/A"),"MISSING",AC4)=IF(OR(AD4=0,AD4="N/A"),"MISSING",AD4),"YES","MANUAL_ASSESS") -> YES | AF4: N/A | AG4: N/A | AH4: =IF(IF(OR(AF4=0,AF4="N/A"),"MISSING",AF4)=IF(OR(AG4=0,AG4="N/A"),"MISSING",AG4),"YES","MANUAL_ASSESS") -> YES | AI4: N/A | AJ4: N/A | AK4: =IF(IF(OR(AI4=0,AI4="N/A"),"MISSING",AI4)=IF(OR(AJ4=0,AJ4="N/A"),"MISSING",AJ4),"YES","MANUAL_ASSESS") -> YES | AL4: 0 | AM4: N/A | AN4: =IF(IF(OR(AL4=0,AL4="N/A"),"MISSING",AL4)=IF(OR(AM4=0,AM4="N/A"),"MISSING",AM4),"YES","MANUAL_ASSESS") -> YES | AO4: 0 | AP4: N/A | AQ4: =IF(IF(OR(AO4=0,AO4="N/A"),"MISSING",AO4)=IF(OR(AP4=0,AP4="N/A"),"MISSING",AP4),"YES","MANUAL_ASSESS") -> YES | AR4: 0 | AS4: N/A | AT4: =IF(IF(OR(AR4=0,AR4="N/A"),"MISSING",AR4)=IF(OR(AS4=0,AS4="N/A"),"MISSING",AS4),"YES","MANUAL_ASSESS") -> YES | AU4: 0 | AV4: N/A | AW4: =IF(IF(OR(AU4=0,AU4="N/A"),"MISSING",AU4)=IF(OR(AV4=0,AV4="N/A"),"MISSING",AV4),"YES","MANUAL_ASSESS") -> YES | AX4: 0 | AY4: N/A | AZ4: =IF(IF(OR(AX4=0,AX4="N/A"),"MISSING",AX4)=IF(OR(AY4=0,AY4="N/A"),"MISSING",AY4),"YES","MANUAL_ASSESS") -> YES | BA4: 0 | BB4: N/A | BC4: =IF(IF(OR(BA4=0,BA4="N/A"),"MISSING",BA4)=IF(OR(BB4=0,BB4="N/A"),"MISSING",BB4),"YES","MANUAL_ASSESS") -> YES | BD4: 0 | BE4: N/A | BF4: =IF(IF(OR(BD4=0,BD4="N/A"),"MISSING",BD4)=IF(OR(BE4=0,BE4="N/A"),"MISSING",BE4),"YES","MANUAL_ASSESS") -> YES | BG4: N/A | BH4: N/A | BI4: =IF(IF(OR(BG4=0,BG4="N/A"),"MISSING",BG4)=IF(OR(BH4=0,BH4="N/A"),"MISSING",BH4),"YES","MANUAL_ASSESS") -> YES | BJ4: 0 | BK4: N/A | BL4: =IF(IF(OR(BJ4=0,BJ4="N/A"),"MISSING",BJ4)=IF(OR(BK4=0,BK4="N/A"),"MISSING",BK4),"YES","MANUAL_ASSESS") -> YES | BM4: 0 | BN4: N/A | BO4: =IF(IF(OR(BM4=0,BM4="N/A"),"MISSING",BM4)=IF(OR(BN4=0,BN4="N/A"),"MISSING",BN4),"YES","MANUAL_ASSESS") -> YES | BP4: N/A | BQ4: N/A | BR4: =IF(IF(OR(BP4=0,BP4="N/A"),"MISSING",BP4)=IF(OR(BQ4=0,BQ4="N/A"),"MISSING",BQ4),"YES","MANUAL_ASSESS") -> YES | BS4: N/A | BT4: N/A | BU4: =IF(IF(OR(BS4=0,BS4="N/A"),"MISSING",BS4)=IF(OR(BT4=0,BT4="N/A"),"MISSING",BT4),"YES","MANUAL_ASSESS") -> YES | BV4: N/A | BW4: N/A | BX4: =IF(IF(OR(BV4=0,BV4="N/A"),"MISSING",BV4)=IF(OR(BW4=0,BW4="N/A"),"MISSING",BW4),"YES","MANUAL_ASSESS") -> YES | BY4: N/A | BZ4: N/A | CA4: =IF(IF(OR(BY4=0,BY4="N/A"),"MISSING",BY4)=IF(OR(BZ4=0,BZ4="N/A"),"MISSING",BZ4),"YES","MANUAL_ASSESS") -> YES | CB4: N/A | CC4: N/A | CD4: =IF(IF(OR(CB4=0,CB4="N/A"),"MISSING",CB4)=IF(OR(CC4=0,CC4="N/A"),"MISSING",CC4),"YES","MANUAL_ASSESS") -> YES | CE4: N/A | CF4: N/A | CG4: =IF(IF(OR(CE4=0,CE4="N/A"),"MISSING",CE4)=IF(OR(CF4=0,CF4="N/A"),"MISSING",CF4),"YES","MANUAL_ASSESS") -> YES
A5: vch_002 | B5: merv13 | C5: MERV13 | D5: =IF(IF(OR(B5=0,B5="N/A"),"MISSING",B5)=IF(OR(C5=0,C5="N/A"),"MISSING",C5),"YES","MANUAL_ASSESS") -> YES | E5: 0 | F5: N/A | G5: =IF(IF(OR(E5=0,E5="N/A"),"MISSING",E5)=IF(OR(F5=0,F5="N/A"),"MISSING",F5),"YES","MANUAL_ASSESS") -> YES | H5: 0 | I5: N/A | J5: =IF(IF(OR(H5=0,H5="N/A"),"MISSING",H5)=IF(OR(I5=0,I5="N/A"),"MISSING",I5),"YES","MANUAL_ASSESS") -> YES | K5: varies | L5: varies | M5: =IF(IF(OR(K5=0,K5="N/A"),"MISSING",K5)=IF(OR(L5=0,L5="N/A"),"MISSING",L5),"YES","MANUAL_ASSESS") -> YES | N5: 0 | O5: N/A | P5: =IF(IF(OR(N5=0,N5="N/A"),"MISSING",N5)=IF(OR(O5=0,O5="N/A"),"MISSING",O5),"YES","MANUAL_ASSESS") -> YES | Q5: 0 | R5: hydrate | S5: NO | T5: 0 | U5: N/A | V5: =IF(IF(OR(T5=0,T5="N/A"),"MISSING",T5)=IF(OR(U5=0,U5="N/A"),"MISSING",U5),"YES","MANUAL_ASSESS") -> YES | W5: 0 | X5: N/A | Y5: =IF(IF(OR(W5=0,W5="N/A"),"MISSING",W5)=IF(OR(X5=0,X5="N/A"),"MISSING",X5),"YES","MANUAL_ASSESS") -> YES | Z5: 0 | AA5: N/A | AB5: =IF(IF(OR(Z5=0,Z5="N/A"),"MISSING",Z5)=IF(OR(AA5=0,AA5="N/A"),"MISSING",AA5),"YES","MANUAL_ASSESS") -> YES | AC5: 0 | AD5: N/A | AE5: =IF(IF(OR(AC5=0,AC5="N/A"),"MISSING",AC5)=IF(OR(AD5=0,AD5="N/A"),"MISSING",AD5),"YES","MANUAL_ASSESS") -> YES | AF5: N/A | AG5: N/A | AH5: =IF(IF(OR(AF5=0,AF5="N/A"),"MISSING",AF5)=IF(OR(AG5=0,AG5="N/A"),"MISSING",AG5),"YES","MANUAL_ASSESS") -> YES | AI5: N/A | AJ5: N/A | AK5: =IF(IF(OR(AI5=0,AI5="N/A"),"MISSING",AI5)=IF(OR(AJ5=0,AJ5="N/A"),"MISSING",AJ5),"YES","MANUAL_ASSESS") -> YES | AL5: 0 | AM5: N/A | AN5: =IF(IF(OR(AL5=0,AL5="N/A"),"MISSING",AL5)=IF(OR(AM5=0,AM5="N/A"),"MISSING",AM5),"YES","MANUAL_ASSESS") -> YES | AO5: 0 | AP5: N/A | AQ5: =IF(IF(OR(AO5=0,AO5="N/A"),"MISSING",AO5)=IF(OR(AP5=0,AP5="N/A"),"MISSING",AP5),"YES","MANUAL_ASSESS") -> YES | AR5: 0 | AS5: N/A | AT5: =IF(IF(OR(AR5=0,AR5="N/A"),"MISSING",AR5)=IF(OR(AS5=0,AS5="N/A"),"MISSING",AS5),"YES","MANUAL_ASSESS") -> YES | AU5: 0 | AV5: N/A | AW5: =IF(IF(OR(AU5=0,AU5="N/A"),"MISSING",AU5)=IF(OR(AV5=0,AV5="N/A"),"MISSING",AV5),"YES","MANUAL_ASSESS") -> YES | AX5: 0 | AY5: N/A | AZ5: =IF(IF(OR(AX5=0,AX5="N/A"),"MISSING",AX5)=IF(OR(AY5=0,AY5="N/A"),"MISSING",AY5),"YES","MANUAL_ASSESS") -> YES | BA5: 0 | BB5: N/A | BC5: =IF(IF(OR(BA5=0,BA5="N/A"),"MISSING",BA5)=IF(OR(BB5=0,BB5="N/A"),"MISSING",BB5),"YES","MANUAL_ASSESS") -> YES | BD5: 0 | BE5: N/A | BF5: =IF(IF(OR(BD5=0,BD5="N/A"),"MISSING",BD5)=IF(OR(BE5=0,BE5="N/A"),"MISSING",BE5),"YES","MANUAL_ASSESS") -> YES | BG5: N/A | BH5: N/A | BI5: =IF(IF(OR(BG5=0,BG5="N/A"),"MISSING",BG5)=IF(OR(BH5=0,BH5="N/A"),"MISSING",BH5),"YES","MANUAL_ASSESS") -> YES | BJ5: 0 | BK5: N/A | BL5: =IF(IF(OR(BJ5=0,BJ5="N/A"),"MISSING",BJ5)=IF(OR(BK5=0,BK5="N/A"),"MISSING",BK5),"YES","MANUAL_ASSESS") -> YES | BM5: 0 | BN5: N/A | BO5: =IF(IF(OR(BM5=0,BM5="N/A"),"MISSING",BM5)=IF(OR(BN5=0,BN5="N/A"),"MISSING",BN5),"YES","MANUAL_ASSESS") -> YES | BP5: N/A | BQ5: N/A | BR5: =IF(IF(OR(BP5=0,BP5="N/A"),"MISSING",BP5)=IF(OR(BQ5=0,BQ5="N/A"),"MISSING",BQ5),"YES","MANUAL_ASSESS") -> YES | BS5: N/A | BT5: N/A | BU5: =IF(IF(OR(BS5=0,BS5="N/A"),"MISSING",BS5)=IF(OR(BT5=0,BT5="N/A"),"MISSING",BT5),"YES","MANUAL_ASSESS") -> YES | BV5: N/A | BW5: N/A | BX5: =IF(IF(OR(BV5=0,BV5="N/A"),"MISSING",BV5)=IF(OR(BW5=0,BW5="N/A"),"MISSING",BW5),"YES","MANUAL_ASSESS") -> YES | BY5: N/A | BZ5: N/A | CA5: =IF(IF(OR(BY5=0,BY5="N/A"),"MISSING",BY5)=IF(OR(BZ5=0,BZ5="N/A"),"MISSING",BZ5),"YES","MANUAL_ASSESS") -> YES | CB5: N/A | CC5: N/A | CD5: =IF(IF(OR(CB5=0,CB5="N/A"),"MISSING",CB5)=IF(OR(CC5=0,CC5="N/A"),"MISSING",CC5),"YES","MANUAL_ASSESS") -> YES | CE5: N/A | CF5: N/A | CG5: =IF(IF(OR(CE5=0,CE5="N/A"),"MISSING",CE5)=IF(OR(CF5=0,CF5="N/A"),"MISSING",CF5),"YES","MANUAL_ASSESS") -> YES
A6: vch_003 | B6: merv13, 16+, hepa | C6: MERV13, MERV16+, HEPA | D6: YES | E6: 0 | F6: N/A | G6: =IF(IF(OR(E6=0,E6="N/A"),"MISSING",E6)=IF(OR(F6=0,F6="N/A"),"MISSING",F6),"YES","MANUAL_ASSESS") -> YES | H6: 0 | I6: N/A | J6: =IF(IF(OR(H6=0,H6="N/A"),"MISSING",H6)=IF(OR(I6=0,I6="N/A"),"MISSING",I6),"YES","MANUAL_ASSESS") -> YES | K6: varies | L6: varies | M6: =IF(IF(OR(K6=0,K6="N/A"),"MISSING",K6)=IF(OR(L6=0,L6="N/A"),"MISSING",L6),"YES","MANUAL_ASSESS") -> YES | N6: 0 | O6: N/A | P6: =IF(IF(OR(N6=0,N6="N/A"),"MISSING",N6)=IF(OR(O6=0,O6="N/A"),"MISSING",O6),"YES","MANUAL_ASSESS") -> YES | Q6: hydrate; reduce outdoor excercies | R6: hydrate; reduce outdoor excercies | S6: =IF(IF(OR(Q6=0,Q6="N/A"),"MISSING",Q6)=IF(OR(R6=0,R6="N/A"),"MISSING",R6),"YES","MANUAL_ASSESS") -> YES | T6: 0 | U6: N/A | V6: =IF(IF(OR(T6=0,T6="N/A"),"MISSING",T6)=IF(OR(U6=0,U6="N/A"),"MISSING",U6),"YES","MANUAL_ASSESS") -> YES | W6: 0 | X6: N/A | Y6: =IF(IF(OR(W6=0,W6="N/A"),"MISSING",W6)=IF(OR(X6=0,X6="N/A"),"MISSING",X6),"YES","MANUAL_ASSESS") -> YES | Z6: 0 | AA6: N/A | AB6: =IF(IF(OR(Z6=0,Z6="N/A"),"MISSING",Z6)=IF(OR(AA6=0,AA6="N/A"),"MISSING",AA6),"YES","MANUAL_ASSESS") -> YES | AC6: 0 | AD6: N/A | AE6: =IF(IF(OR(AC6=0,AC6="N/A"),"MISSING",AC6)=IF(OR(AD6=0,AD6="N/A"),"MISSING",AD6),"YES","MANUAL_ASSESS") -> YES | AF6: N/A | AG6: N/A | AH6: =IF(IF(OR(AF6=0,AF6="N/A"),"MISSING",AF6)=IF(OR(AG6=0,AG6="N/A"),"MISSING",AG6),"YES","MANUAL_ASSESS") -> YES | AI6: N/A | AJ6: N/A | AK6: =IF(IF(OR(AI6=0,AI6="N/A"),"MISSING",AI6)=IF(OR(AJ6=0,AJ6="N/A"),"MISSING",AJ6),"YES","MANUAL_ASSESS") -> YES | AL6: 0 | AM6: N/A | AN6: =IF(IF(OR(AL6=0,AL6="N/A"),"MISSING",AL6)=IF(OR(AM6=0,AM6="N/A"),"MISSING",AM6),"YES","MANUAL_ASSESS") -> YES | AO6: 0 | AP6: N/A | AQ6: =IF(IF(OR(AO6=0,AO6="N/A"),"MISSING",AO6)=IF(OR(AP6=0,AP6="N/A"),"MISSING",AP6),"YES","MANUAL_ASSESS") -> YES | AR6: 0 | AS6: N/A | AT6: =IF(IF(OR(AR6=0,AR6="N/A"),"MISSING",AR6)=IF(OR(AS6=0,AS6="N/A"),"MISSING",AS6),"YES","MANUAL_ASSESS") -> YES | AU6: 0 | AV6: N/A | AW6: =IF(IF(OR(AU6=0,AU6="N/A"),"MISSING",AU6)=IF(OR(AV6=0,AV6="N/A"),"MISSING",AV6),"YES","MANUAL_ASSESS") -> YES | AX6: 0 | AY6: N/A | AZ6: =IF(IF(OR(AX6=0,AX6="N/A"),"MISSING",AX6)=IF(OR(AY6=0,AY6="N/A"),"MISSING",AY6),"YES","MANUAL_ASSESS") -> YES | BA6: 0 | BB6: N/A | BC6: =IF(IF(OR(BA6=0,BA6="N/A"),"MISSING",BA6)=IF(OR(BB6=0,BB6="N/A"),"MISSING",BB6),"YES","MANUAL_ASSESS") -> YES | BD6: 0 | BE6: N/A | BF6: =IF(IF(OR(BD6=0,BD6="N/A"),"MISSING",BD6)=IF(OR(BE6=0,BE6="N/A"),"MISSING",BE6),"YES","MANUAL_ASSESS") -> YES | BG6: N/A | BH6: N/A | BI6: =IF(IF(OR(BG6=0,BG6="N/A"),"MISSING",BG6)=IF(OR(BH6=0,BH6="N/A"),"MISSING",BH6),"YES","MANUAL_ASSESS") -> YES | BJ6: 0 | BK6: N/A | BL6: =IF(IF(OR(BJ6=0,BJ6="N/A"),"MISSING",BJ6)=IF(OR(BK6=0,BK6="N/A"),"MISSING",BK6),"YES","MANUAL_ASSESS") -> YES | BM6: 0 | BN6: N/A | BO6: =IF(IF(OR(BM6=0,BM6="N/A"),"MISSING",BM6)=IF(OR(BN6=0,BN6="N/A"),"MISSING",BN6),"YES","MANUAL_ASSESS") -> YES | BP6: N/A | BQ6: N/A | BR6: =IF(IF(OR(BP6=0,BP6="N/A"),"MISSING",BP6)=IF(OR(BQ6=0,BQ6="N/A"),"MISSING",BQ6),"YES","MANUAL_ASSESS") -> YES | BS6: N/A | BT6: N/A | BU6: =IF(IF(OR(BS6=0,BS6="N/A"),"MISSING",BS6)=IF(OR(BT6=0,BT6="N/A"),"MISSING",BT6),"YES","MANUAL_ASSESS") -> YES | BV6: N/A | BW6: N/A | BX6: =IF(IF(OR(BV6=0,BV6="N/A"),"MISSING",BV6)=IF(OR(BW6=0,BW6="N/A"),"MISSING",BW6),"YES","MANUAL_ASSESS") -> YES | BY6: N/A | BZ6: N/A | CA6: =IF(IF(OR(BY6=0,BY6="N/A"),"MISSING",BY6)=IF(OR(BZ6=0,BZ6="N/A"),"MISSING",BZ6),"YES","MANUAL_ASSESS") -> YES | CB6: N/A | CC6: N/A | CD6: =IF(IF(OR(CB6=0,CB6="N/A"),"MISSING",CB6)=IF(OR(CC6=0,CC6="N/A"),"MISSING",CC6),"YES","MANUAL_ASSESS") -> YES | CE6: N/A | CF6: N/A | CG6: =IF(IF(OR(CE6=0,CE6="N/A"),"MISSING",CE6)=IF(OR(CF6=0,CF6="N/A"),"MISSING",CF6),"YES","MANUAL_ASSESS") -> YES
A7: vch_004 | B7: N/A | C7: N/A | D7: =IF(IF(OR(B7=0,B7="N/A"),"MISSING",B7)=IF(OR(C7=0,C7="N/A"),"MISSING",C7),"YES","MANUAL_ASSESS") -> YES | E7: 0 | F7: N/A | G7: =IF(IF(OR(E7=0,E7="N/A"),"MISSING",E7)=IF(OR(F7=0,F7="N/A"),"MISSING",F7),"YES","MANUAL_ASSESS") -> YES | H7: 0 | I7: N/A | J7: =IF(IF(OR(H7=0,H7="N/A"),"MISSING",H7)=IF(OR(I7=0,I7="N/A"),"MISSING",I7),"YES","MANUAL_ASSESS") -> YES | K7: 0 | L7: N/A | M7: =IF(IF(OR(K7=0,K7="N/A"),"MISSING",K7)=IF(OR(L7=0,L7="N/A"),"MISSING",L7),"YES","MANUAL_ASSESS") -> YES | N7: 0 | O7: N/A | P7: =IF(IF(OR(N7=0,N7="N/A"),"MISSING",N7)=IF(OR(O7=0,O7="N/A"),"MISSING",O7),"YES","MANUAL_ASSESS") -> YES | Q7: Wildfire Smoke Readiness Plan | R7: Wildfire Smoke Readiness Plan | S7: =IF(IF(OR(Q7=0,Q7="N/A"),"MISSING",Q7)=IF(OR(R7=0,R7="N/A"),"MISSING",R7),"YES","MANUAL_ASSESS") -> YES | T7: 0 | U7: N/A | V7: =IF(IF(OR(T7=0,T7="N/A"),"MISSING",T7)=IF(OR(U7=0,U7="N/A"),"MISSING",U7),"YES","MANUAL_ASSESS") -> YES | W7: 0 | X7: N/A | Y7: =IF(IF(OR(W7=0,W7="N/A"),"MISSING",W7)=IF(OR(X7=0,X7="N/A"),"MISSING",X7),"YES","MANUAL_ASSESS") -> YES | Z7: 0 | AA7: N/A | AB7: =IF(IF(OR(Z7=0,Z7="N/A"),"MISSING",Z7)=IF(OR(AA7=0,AA7="N/A"),"MISSING",AA7),"YES","MANUAL_ASSESS") -> YES | AC7: 0 | AD7: N/A | AE7: =IF(IF(OR(AC7=0,AC7="N/A"),"MISSING",AC7)=IF(OR(AD7=0,AD7="N/A"),"MISSING",AD7),"YES","MANUAL_ASSESS") -> YES | AF7: N/A | AG7: N/A | AH7: =IF(IF(OR(AF7=0,AF7="N/A"),"MISSING",AF7)=IF(OR(AG7=0,AG7="N/A"),"MISSING",AG7),"YES","MANUAL_ASSESS") -> YES | AI7: N/A | AJ7: N/A | AK7: =IF(IF(OR(AI7=0,AI7="N/A"),"MISSING",AI7)=IF(OR(AJ7=0,AJ7="N/A"),"MISSING",AJ7),"YES","MANUAL_ASSESS") -> YES | AL7: 0 | AM7: N/A | AN7: =IF(IF(OR(AL7=0,AL7="N/A"),"MISSING",AL7)=IF(OR(AM7=0,AM7="N/A"),"MISSING",AM7),"YES","MANUAL_ASSESS") -> YES | AO7: 0 | AP7: N/A | AQ7: =IF(IF(OR(AO7=0,AO7="N/A"),"MISSING",AO7)=IF(OR(AP7=0,AP7="N/A"),"MISSING",AP7),"YES","MANUAL_ASSESS") -> YES | AR7: 0 | AS7: N/A | AT7: =IF(IF(OR(AR7=0,AR7="N/A"),"MISSING",AR7)=IF(OR(AS7=0,AS7="N/A"),"MISSING",AS7),"YES","MANUAL_ASSESS") -> YES | AU7: 0 | AV7: N/A | AW7: =IF(IF(OR(AU7=0,AU7="N/A"),"MISSING",AU7)=IF(OR(AV7=0,AV7="N/A"),"MISSING",AV7),"YES","MANUAL_ASSESS") -> YES | AX7: 0 | AY7: N/A | AZ7: =IF(IF(OR(AX7=0,AX7="N/A"),"MISSING",AX7)=IF(OR(AY7=0,AY7="N/A"),"MISSING",AY7),"YES","MANUAL_ASSESS") -> YES | BA7: 0 | BB7: N/A | BC7: =IF(IF(OR(BA7=0,BA7="N/A"),"MISSING",BA7)=IF(OR(BB7=0,BB7="N/A"),"MISSING",BB7),"YES","MANUAL_ASSESS") -> YES | BD7: 0 | BE7: N/A | BF7: =IF(IF(OR(BD7=0,BD7="N/A"),"MISSING",BD7)=IF(OR(BE7=0,BE7="N/A"),"MISSING",BE7),"YES","MANUAL_ASSESS") -> YES | BG7: N/A | BH7: N/A | BI7: =IF(IF(OR(BG7=0,BG7="N/A"),"MISSING",BG7)=IF(OR(BH7=0,BH7="N/A"),"MISSING",BH7),"YES","MANUAL_ASSESS") -> YES | BJ7: 0 | BK7: N/A | BL7: =IF(IF(OR(BJ7=0,BJ7="N/A"),"MISSING",BJ7)=IF(OR(BK7=0,BK7="N/A"),"MISSING",BK7),"YES","MANUAL_ASSESS") -> YES | BM7: 0 | BN7: N/A | BO7: =IF(IF(OR(BM7=0,BM7="N/A"),"MISSING",BM7)=IF(OR(BN7=0,BN7="N/A"),"MISSING",BN7),"YES","MANUAL_ASSESS") -> YES | BP7: N/A | BQ7: N/A | BR7: =IF(IF(OR(BP7=0,BP7="N/A"),"MISSING",BP7)=IF(OR(BQ7=0,BQ7="N/A"),"MISSING",BQ7),"YES","MANUAL_ASSESS") -> YES | BS7: N/A | BT7: N/A | BU7: =IF(IF(OR(BS7=0,BS7="N/A"),"MISSING",BS7)=IF(OR(BT7=0,BT7="N/A"),"MISSING",BT7),"YES","MANUAL_ASSESS") -> YES | BV7: N/A | BW7: N/A | BX7: =IF(IF(OR(BV7=0,BV7="N/A"),"MISSING",BV7)=IF(OR(BW7=0,BW7="N/A"),"MISSING",BW7),"YES","MANUAL_ASSESS") -> YES | BY7: N/A | BZ7: N/A | CA7: =IF(IF(OR(BY7=0,BY7="N/A"),"MISSING",BY7)=IF(OR(BZ7=0,BZ7="N/A"),"MISSING",BZ7),"YES","MANUAL_ASSESS") -> YES | CB7: N/A | CC7: N/A | CD7: =IF(IF(OR(CB7=0,CB7="N/A"),"MISSING",CB7)=IF(OR(CC7=0,CC7="N/A"),"MISSING",CC7),"YES","MANUAL_ASSESS") -> YES | CE7: N/A | CF7: N/A | CG7: =IF(IF(OR(CE7=0,CE7="N/A"),"MISSING",CE7)=IF(OR(CF7=0,CF7="N/A"),"MISSING",CF7),"YES","MANUAL_ASSESS") -> YES
A8: vch_005 | B8: N/A | C8: N/A | D8: =IF(IF(OR(B8=0,B8="N/A"),"MISSING",B8)=IF(OR(C8=0,C8="N/A"),"MISSING",C8),"YES","MANUAL_ASSESS") -> YES | E8: 0 | F8: N/A | G8: =IF(IF(OR(E8=0,E8="N/A"),"MISSING",E8)=IF(OR(F8=0,F8="N/A"),"MISSING",F8),"YES","MANUAL_ASSESS") -> YES | H8: 0 | I8: N/A | J8: =IF(IF(OR(H8=0,H8="N/A"),"MISSING",H8)=IF(OR(I8=0,I8="N/A"),"MISSING",I8),"YES","MANUAL_ASSESS") -> YES | K8: 0 | L8: N/A | M8: =IF(IF(OR(K8=0,K8="N/A"),"MISSING",K8)=IF(OR(L8=0,L8="N/A"),"MISSING",L8),"YES","MANUAL_ASSESS") -> YES | N8: 0 | O8: N/A | P8: =IF(IF(OR(N8=0,N8="N/A"),"MISSING",N8)=IF(OR(O8=0,O8="N/A"),"MISSING",O8),"YES","MANUAL_ASSESS") -> YES | Q8: Wildfire Smoke Readiness Plan | R8: wildfire smoke readiness plan | S8: YES | T8: 0 | U8: N/A | V8: =IF(IF(OR(T8=0,T8="N/A"),"MISSING",T8)=IF(OR(U8=0,U8="N/A"),"MISSING",U8),"YES","MANUAL_ASSESS") -> YES | W8: 0 | X8: N/A | Y8: =IF(IF(OR(W8=0,W8="N/A"),"MISSING",W8)=IF(OR(X8=0,X8="N/A"),"MISSING",X8),"YES","MANUAL_ASSESS") -> YES | Z8: 0 | AA8: N/A | AB8: =IF(IF(OR(Z8=0,Z8="N/A"),"MISSING",Z8)=IF(OR(AA8=0,AA8="N/A"),"MISSING",AA8),"YES","MANUAL_ASSESS") -> YES | AC8: 0 | AD8: N/A | AE8: =IF(IF(OR(AC8=0,AC8="N/A"),"MISSING",AC8)=IF(OR(AD8=0,AD8="N/A"),"MISSING",AD8),"YES","MANUAL_ASSESS") -> YES | AF8: N/A | AG8: N/A | AH8: =IF(IF(OR(AF8=0,AF8="N/A"),"MISSING",AF8)=IF(OR(AG8=0,AG8="N/A"),"MISSING",AG8),"YES","MANUAL_ASSESS") -> YES | AI8: N/A | AJ8: N/A | AK8: =IF(IF(OR(AI8=0,AI8="N/A"),"MISSING",AI8)=IF(OR(AJ8=0,AJ8="N/A"),"MISSING",AJ8),"YES","MANUAL_ASSESS") -> YES | AL8: 0 | AM8: N/A | AN8: =IF(IF(OR(AL8=0,AL8="N/A"),"MISSING",AL8)=IF(OR(AM8=0,AM8="N/A"),"MISSING",AM8),"YES","MANUAL_ASSESS") -> YES | AO8: 0 | AP8: N/A | AQ8: =IF(IF(OR(AO8=0,AO8="N/A"),"MISSING",AO8)=IF(OR(AP8=0,AP8="N/A"),"MISSING",AP8),"YES","MANUAL_ASSESS") -> YES | AR8: 0 | AS8: N/A | AT8: =IF(IF(OR(AR8=0,AR8="N/A"),"MISSING",AR8)=IF(OR(AS8=0,AS8="N/A"),"MISSING",AS8),"YES","MANUAL_ASSESS") -> YES | AU8: 0 | AV8: N/A | AW8: =IF(IF(OR(AU8=0,AU8="N/A"),"MISSING",AU8)=IF(OR(AV8=0,AV8="N/A"),"MISSING",AV8),"YES","MANUAL_ASSESS") -> YES | AX8: 0 | AY8: N/A | AZ8: =IF(IF(OR(AX8=0,AX8="N/A"),"MISSING",AX8)=IF(OR(AY8=0,AY8="N/A"),"MISSING",AY8),"YES","MANUAL_ASSESS") -> YES | BA8: 0 | BB8: N/A | BC8: =IF(IF(OR(BA8=0,BA8="N/A"),"MISSING",BA8)=IF(OR(BB8=0,BB8="N/A"),"MISSING",BB8),"YES","MANUAL_ASSESS") -> YES | BD8: 0 | BE8: N/A | BF8: =IF(IF(OR(BD8=0,BD8="N/A"),"MISSING",BD8)=IF(OR(BE8=0,BE8="N/A"),"MISSING",BE8),"YES","MANUAL_ASSESS") -> YES | BG8: N/A | BH8: N/A | BI8: =IF(IF(OR(BG8=0,BG8="N/A"),"MISSING",BG8)=IF(OR(BH8=0,BH8="N/A"),"MISSING",BH8),"YES","MANUAL_ASSESS") -> YES | BJ8: 0 | BK8: N/A | BL8: =IF(IF(OR(BJ8=0,BJ8="N/A"),"MISSING",BJ8)=IF(OR(BK8=0,BK8="N/A"),"MISSING",BK8),"YES","MANUAL_ASSESS") -> YES | BM8: 0 | BN8: N/A | BO8: =IF(IF(OR(BM8=0,BM8="N/A"),"MISSING",BM8)=IF(OR(BN8=0,BN8="N/A"),"MISSING",BN8),"YES","MANUAL_ASSESS") -> YES | BP8: N/A | BQ8: N/A | BR8: =IF(IF(OR(BP8=0,BP8="N/A"),"MISSING",BP8)=IF(OR(BQ8=0,BQ8="N/A"),"MISSING",BQ8),"YES","MANUAL_ASSESS") -> YES | BS8: N/A | BT8: N/A | BU8: =IF(IF(OR(BS8=0,BS8="N/A"),"MISSING",BS8)=IF(OR(BT8=0,BT8="N/A"),"MISSING",BT8),"YES","MANUAL_ASSESS") -> YES | BV8: N/A | BW8: N/A | BX8: =IF(IF(OR(BV8=0,BV8="N/A"),"MISSING",BV8)=IF(OR(BW8=0,BW8="N/A"),"MISSING",BW8),"YES","MANUAL_ASSESS") -> YES | BY8: N/A | BZ8: N/A | CA8: =IF(IF(OR(BY8=0,BY8="N/A"),"MISSING",BY8)=IF(OR(BZ8=0,BZ8="N/A"),"MISSING",BZ8),"YES","MANUAL_ASSESS") -> YES | CB8: N/A | CC8: N/A | CD8: =IF(IF(OR(CB8=0,CB8="N/A"),"MISSING",CB8)=IF(OR(CC8=0,CC8="N/A"),"MISSING",CC8),"YES","MANUAL_ASSESS") -> YES | CE8: N/A | CF8: N/A | CG8: =IF(IF(OR(CE8=0,CE8="N/A"),"MISSING",CE8)=IF(OR(CF8=0,CF8="N/A"),"MISSING",CF8),"YES","MANUAL_ASSESS") -> YES
A9: vch_006 | B9: N/A | C9: N/A | D9: =IF(IF(OR(B9=0,B9="N/A"),"MISSING",B9)=IF(OR(C9=0,C9="N/A"),"MISSING",C9),"YES","MANUAL_ASSESS") -> YES | E9: 0 | F9: N/A | G9: =IF(IF(OR(E9=0,E9="N/A"),"MISSING",E9)=IF(OR(F9=0,F9="N/A"),"MISSING",F9),"YES","MANUAL_ASSESS") -> YES | H9: 0 | I9: N/A | J9: =IF(IF(OR(H9=0,H9="N/A"),"MISSING",H9)=IF(OR(I9=0,I9="N/A"),"MISSING",I9),"YES","MANUAL_ASSESS") -> YES | K9: 0 | L9: N/A | M9: =IF(IF(OR(K9=0,K9="N/A"),"MISSING",K9)=IF(OR(L9=0,L9="N/A"),"MISSING",L9),"YES","MANUAL_ASSESS") -> YES | N9: 0 | O9: N/A | P9: =IF(IF(OR(N9=0,N9="N/A"),"MISSING",N9)=IF(OR(O9=0,O9="N/A"),"MISSING",O9),"YES","MANUAL_ASSESS") -> YES | Q9: asthma treatment plan and rescue medications | R9: asthma treatment plan and rescue medications | S9: =IF(IF(OR(Q9=0,Q9="N/A"),"MISSING",Q9)=IF(OR(R9=0,R9="N/A"),"MISSING",R9),"YES","MANUAL_ASSESS") -> YES | T9: 0 | U9: N/A | V9: =IF(IF(OR(T9=0,T9="N/A"),"MISSING",T9)=IF(OR(U9=0,U9="N/A"),"MISSING",U9),"YES","MANUAL_ASSESS") -> YES | W9: 0 | X9: N/A | Y9: =IF(IF(OR(W9=0,W9="N/A"),"MISSING",W9)=IF(OR(X9=0,X9="N/A"),"MISSING",X9),"YES","MANUAL_ASSESS") -> YES | Z9: 0 | AA9: N/A | AB9: =IF(IF(OR(Z9=0,Z9="N/A"),"MISSING",Z9)=IF(OR(AA9=0,AA9="N/A"),"MISSING",AA9),"YES","MANUAL_ASSESS") -> YES | AC9: 0 | AD9: N/A | AE9: =IF(IF(OR(AC9=0,AC9="N/A"),"MISSING",AC9)=IF(OR(AD9=0,AD9="N/A"),"MISSING",AD9),"YES","MANUAL_ASSESS") -> YES | AF9: N/A | AG9: N/A | AH9: =IF(IF(OR(AF9=0,AF9="N/A"),"MISSING",AF9)=IF(OR(AG9=0,AG9="N/A"),"MISSING",AG9),"YES","MANUAL_ASSESS") -> YES | AI9: N/A | AJ9: N/A | AK9: =IF(IF(OR(AI9=0,AI9="N/A"),"MISSING",AI9)=IF(OR(AJ9=0,AJ9="N/A"),"MISSING",AJ9),"YES","MANUAL_ASSESS") -> YES | AL9: 0 | AM9: N/A | AN9: =IF(IF(OR(AL9=0,AL9="N/A"),"MISSING",AL9)=IF(OR(AM9=0,AM9="N/A"),"MISSING",AM9),"YES","MANUAL_ASSESS") -> YES | AO9: 0 | AP9: N/A | AQ9: =IF(IF(OR(AO9=0,AO9="N/A"),"MISSING",AO9)=IF(OR(AP9=0,AP9="N/A"),"MISSING",AP9),"YES","MANUAL_ASSESS") -> YES | AR9: 0 | AS9: N/A | AT9: =IF(IF(OR(AR9=0,AR9="N/A"),"MISSING",AR9)=IF(OR(AS9=0,AS9="N/A"),"MISSING",AS9),"YES","MANUAL_ASSESS") -> YES | AU9: 0 | AV9: N/A | AW9: =IF(IF(OR(AU9=0,AU9="N/A"),"MISSING",AU9)=IF(OR(AV9=0,AV9="N/A"),"MISSING",AV9),"YES","MANUAL_ASSESS") -> YES | AX9: 0 | AY9: N/A | AZ9: =IF(IF(OR(AX9=0,AX9="N/A"),"MISSING",AX9)=IF(OR(AY9=0,AY9="N/A"),"MISSING",AY9),"YES","MANUAL_ASSESS") -> YES | BA9: 0 | BB9: N/A | BC9: =IF(IF(OR(BA9=0,BA9="N/A"),"MISSING",BA9)=IF(OR(BB9=0,BB9="N/A"),"MISSING",BB9),"YES","MANUAL_ASSESS") -> YES | BD9: 0 | BE9: N/A | BF9: =IF(IF(OR(BD9=0,BD9="N/A"),"MISSING",BD9)=IF(OR(BE9=0,BE9="N/A"),"MISSING",BE9),"YES","MANUAL_ASSESS") -> YES | BG9: N/A | BH9: N/A | BI9: =IF(IF(OR(BG9=0,BG9="N/A"),"MISSING",BG9)=IF(OR(BH9=0,BH9="N/A"),"MISSING",BH9),"YES","MANUAL_ASSESS") -> YES | BJ9: 0 | BK9: N/A | BL9: =IF(IF(OR(BJ9=0,BJ9="N/A"),"MISSING",BJ9)=IF(OR(BK9=0,BK9="N/A"),"MISSING",BK9),"YES","MANUAL_ASSESS") -> YES | BM9: 0 | BN9: N/A | BO9: =IF(IF(OR(BM9=0,BM9="N/A"),"MISSING",BM9)=IF(OR(BN9=0,BN9="N/A"),"MISSING",BN9),"YES","MANUAL_ASSESS") -> YES | BP9: N/A | BQ9: N/A | BR9: =IF(IF(OR(BP9=0,BP9="N/A"),"MISSING",BP9)=IF(OR(BQ9=0,BQ9="N/A"),"MISSING",BQ9),"YES","MANUAL_ASSESS") -> YES | BS9: N/A | BT9: N/A | BU9: =IF(IF(OR(BS9=0,BS9="N/A"),"MISSING",BS9)=IF(OR(BT9=0,BT9="N/A"),"MISSING",BT9),"YES","MANUAL_ASSESS") -> YES | BV9: N/A | BW9: N/A | BX9: =IF(IF(OR(BV9=0,BV9="N/A"),"MISSING",BV9)=IF(OR(BW9=0,BW9="N/A"),"MISSING",BW9),"YES","MANUAL_ASSESS") -> YES | BY9: N/A | BZ9: N/A | CA9: =IF(IF(OR(BY9=0,BY9="N/A"),"MISSING",BY9)=IF(OR(BZ9=0,BZ9="N/A"),"MISSING",BZ9),"YES","MANUAL_ASSESS") -> YES | CB9: N/A | CC9: N/A | CD9: =IF(IF(OR(CB9=0,CB9="N/A"),"MISSING",CB9)=IF(OR(CC9=0,CC9="N/A"),"MISSING",CC9),"YES","MANUAL_ASSESS") -> YES | CE9: N/A | CF9: N/A | CG9: =IF(IF(OR(CE9=0,CE9="N/A"),"MISSING",CE9)=IF(OR(CF9=0,CF9="N/A"),"MISSING",CF9),"YES","MANUAL_ASSESS") -> YES
A10: vch_007 | B10: N/A | C10: N/A | D10: =IF(IF(OR(B10=0,B10="N/A"),"MISSING",B10)=IF(OR(C10=0,C10="N/A"),"MISSING",C10),"YES","MANUAL_ASSESS") -> YES | E10: 0 | F10: N/A | G10: =IF(IF(OR(E10=0,E10="N/A"),"MISSING",E10)=IF(OR(F10=0,F10="N/A"),"MISSING",F10),"YES","MANUAL_ASSESS") -> YES | H10: 0 | I10: N/A | J10: =IF(IF(OR(H10=0,H10="N/A"),"MISSING",H10)=IF(OR(I10=0,I10="N/A"),"MISSING",I10),"YES","MANUAL_ASSESS") -> YES | K10: 0 | L10: N/A | M10: =IF(IF(OR(K10=0,K10="N/A"),"MISSING",K10)=IF(OR(L10=0,L10="N/A"),"MISSING",L10),"YES","MANUAL_ASSESS") -> YES | N10: 0 | O10: N/A | P10: =IF(IF(OR(N10=0,N10="N/A"),"MISSING",N10)=IF(OR(O10=0,O10="N/A"),"MISSING",O10),"YES","MANUAL_ASSESS") -> YES | Q10: Follow Asthma Treatment Plans/Use Rescue Medications | R10: asthma treatment plan and rescue medications | S10: YES | T10: 0 | U10: N/A | V10: =IF(IF(OR(T10=0,T10="N/A"),"MISSING",T10)=IF(OR(U10=0,U10="N/A"),"MISSING",U10),"YES","MANUAL_ASSESS") -> YES | W10: 0 | X10: N/A | Y10: =IF(IF(OR(W10=0,W10="N/A"),"MISSING",W10)=IF(OR(X10=0,X10="N/A"),"MISSING",X10),"YES","MANUAL_ASSESS") -> YES | Z10: 0 | AA10: N/A | AB10: =IF(IF(OR(Z10=0,Z10="N/A"),"MISSING",Z10)=IF(OR(AA10=0,AA10="N/A"),"MISSING",AA10),"YES","MANUAL_ASSESS") -> YES | AC10: 0 | AD10: N/A | AE10: =IF(IF(OR(AC10=0,AC10="N/A"),"MISSING",AC10)=IF(OR(AD10=0,AD10="N/A"),"MISSING",AD10),"YES","MANUAL_ASSESS") -> YES | AF10: N/A | AG10: N/A | AH10: =IF(IF(OR(AF10=0,AF10="N/A"),"MISSING",AF10)=IF(OR(AG10=0,AG10="N/A"),"MISSING",AG10),"YES","MANUAL_ASSESS") -> YES | AI10: N/A | AJ10: N/A | AK10: =IF(IF(OR(AI10=0,AI10="N/A"),"MISSING",AI10)=IF(OR(AJ10=0,AJ10="N/A"),"MISSING",AJ10),"YES","MANUAL_ASSESS") -> YES | AL10: 0 | AM10: N/A | AN10: =IF(IF(OR(AL10=0,AL10="N/A"),"MISSING",AL10)=IF(OR(AM10=0,AM10="N/A"),"MISSING",AM10),"YES","MANUAL_ASSESS") -> YES | AO10: 0 | AP10: N/A | AQ10: =IF(IF(OR(AO10=0,AO10="N/A"),"MISSING",AO10)=IF(OR(AP10=0,AP10="N/A"),"MISSING",AP10),"YES","MANUAL_ASSESS") -> YES | AR10: 0 | AS10: N/A | AT10: =IF(IF(OR(AR10=0,AR10="N/A"),"MISSING",AR10)=IF(OR(AS10=0,AS10="N/A"),"MISSING",AS10),"YES","MANUAL_ASSESS") -> YES | AU10: 0 | AV10: N/A | AW10: =IF(IF(OR(AU10=0,AU10="N/A"),"MISSING",AU10)=IF(OR(AV10=0,AV10="N/A"),"MISSING",AV10),"YES","MANUAL_ASSESS") -> YES | AX10: 0 | AY10: N/A | AZ10: =IF(IF(OR(AX10=0,AX10="N/A"),"MISSING",AX10)=IF(OR(AY10=0,AY10="N/A"),"MISSING",AY10),"YES","MANUAL_ASSESS") -> YES | BA10: 0 | BB10: N/A | BC10: =IF(IF(OR(BA10=0,BA10="N/A"),"MISSING",BA10)=IF(OR(BB10=0,BB10="N/A"),"MISSING",BB10),"YES","MANUAL_ASSESS") -> YES | BD10: 0 | BE10: N/A | BF10: =IF(IF(OR(BD10=0,BD10="N/A"),"MISSING",BD10)=IF(OR(BE10=0,BE10="N/A"),"MISSING",BE10),"YES","MANUAL_ASSESS") -> YES | BG10: N/A | BH10: N/A | BI10: =IF(IF(OR(BG10=0,BG10="N/A"),"MISSING",BG10)=IF(OR(BH10=0,BH10="N/A"),"MISSING",BH10),"YES","MANUAL_ASSESS") -> YES | BJ10: 0 | BK10: N/A | BL10: =IF(IF(OR(BJ10=0,BJ10="N/A"),"MISSING",BJ10)=IF(OR(BK10=0,BK10="N/A"),"MISSING",BK10),"YES","MANUAL_ASSESS") -> YES | BM10: 0 | BN10: N/A | BO10: =IF(IF(OR(BM10=0,BM10="N/A"),"MISSING",BM10)=IF(OR(BN10=0,BN10="N/A"),"MISSING",BN10),"YES","MANUAL_ASSESS") -> YES | BP10: N/A | BQ10: N/A | BR10: =IF(IF(OR(BP10=0,BP10="N/A"),"MISSING",BP10)=IF(OR(BQ10=0,BQ10="N/A"),"MISSING",BQ10),"YES","MANUAL_ASSESS") -> YES | BS10: N/A | BT10: N/A | BU10: =IF(IF(OR(BS10=0,BS10="N/A"),"MISSING",BS10)=IF(OR(BT10=0,BT10="N/A"),"MISSING",BT10),"YES","MANUAL_ASSESS") -> YES | BV10: N/A | BW10: N/A | BX10: =IF(IF(OR(BV10=0,BV10="N/A"),"MISSING",BV10)=IF(OR(BW10=0,BW10="N/A"),"MISSING",BW10),"YES","MANUAL_ASSESS") -> YES | BY10: N/A | BZ10: N/A | CA10: =IF(IF(OR(BY10=0,BY10="N/A"),"MISSING",BY10)=IF(OR(BZ10=0,BZ10="N/A"),"MISSING",BZ10),"YES","MANUAL_ASSESS") -> YES | CB10: N/A | CC10: N/A | CD10: =IF(IF(OR(CB10=0,CB10="N/A"),"MISSING",CB10)=IF(OR(CC10=0,CC10="N/A"),"MISSING",CC10),"YES","MANUAL_ASSESS") -> YES | CE10: N/A | CF10: N/A | CG10: =IF(IF(OR(CE10=0,CE10="N/A"),"MISSING",CE10)=IF(OR(CF10=0,CF10="N/A"),"MISSING",CF10),"YES","MANUAL_ASSESS") -> YES
A11: vch_008 | B11: N/A | C11: N/A | D11: =IF(IF(OR(B11=0,B11="N/A"),"MISSING",B11)=IF(OR(C11=0,C11="N/A"),"MISSING",C11),"YES","MANUAL_ASSESS") -> YES | E11: 0 | F11: N/A | G11: =IF(IF(OR(E11=0,E11="N/A"),"MISSING",E11)=IF(OR(F11=0,F11="N/A"),"MISSING",F11),"YES","MANUAL_ASSESS") -> YES | H11: 0 | I11: N/A | J11: =IF(IF(OR(H11=0,H11="N/A"),"MISSING",H11)=IF(OR(I11=0,I11="N/A"),"MISSING",I11),"YES","MANUAL_ASSESS") -> YES | K11: 0 | L11: N/A | M11: =IF(IF(OR(K11=0,K11="N/A"),"MISSING",K11)=IF(OR(L11=0,L11="N/A"),"MISSING",L11),"YES","MANUAL_ASSESS") -> YES | N11: 0 | O11: N/A | P11: =IF(IF(OR(N11=0,N11="N/A"),"MISSING",N11)=IF(OR(O11=0,O11="N/A"),"MISSING",O11),"YES","MANUAL_ASSESS") -> YES | Q11: asthma treatment plan and rescue medications | R11: asthma treatment plan and rescue medications | S11: =IF(IF(OR(Q11=0,Q11="N/A"),"MISSING",Q11)=IF(OR(R11=0,R11="N/A"),"MISSING",R11),"YES","MANUAL_ASSESS") -> YES | T11: 0 | U11: N/A | V11: =IF(IF(OR(T11=0,T11="N/A"),"MISSING",T11)=IF(OR(U11=0,U11="N/A"),"MISSING",U11),"YES","MANUAL_ASSESS") -> YES | W11: 0 | X11: N/A | Y11: =IF(IF(OR(W11=0,W11="N/A"),"MISSING",W11)=IF(OR(X11=0,X11="N/A"),"MISSING",X11),"YES","MANUAL_ASSESS") -> YES | Z11: 0 | AA11: N/A | AB11: =IF(IF(OR(Z11=0,Z11="N/A"),"MISSING",Z11)=IF(OR(AA11=0,AA11="N/A"),"MISSING",AA11),"YES","MANUAL_ASSESS") -> YES | AC11: 0 | AD11: N/A | AE11: =IF(IF(OR(AC11=0,AC11="N/A"),"MISSING",AC11)=IF(OR(AD11=0,AD11="N/A"),"MISSING",AD11),"YES","MANUAL_ASSESS") -> YES | AF11: N/A | AG11: N/A | AH11: =IF(IF(OR(AF11=0,AF11="N/A"),"MISSING",AF11)=IF(OR(AG11=0,AG11="N/A"),"MISSING",AG11),"YES","MANUAL_ASSESS") -> YES | AI11: N/A | AJ11: N/A | AK11: =IF(IF(OR(AI11=0,AI11="N/A"),"MISSING",AI11)=IF(OR(AJ11=0,AJ11="N/A"),"MISSING",AJ11),"YES","MANUAL_ASSESS") -> YES | AL11: 0 | AM11: N/A | AN11: =IF(IF(OR(AL11=0,AL11="N/A"),"MISSING",AL11)=IF(OR(AM11=0,AM11="N/A"),"MISSING",AM11),"YES","MANUAL_ASSESS") -> YES | AO11: 0 | AP11: N/A | AQ11: =IF(IF(OR(AO11=0,AO11="N/A"),"MISSING",AO11)=IF(OR(AP11=0,AP11="N/A"),"MISSING",AP11),"YES","MANUAL_ASSESS") -> YES | AR11: 0 | AS11: N/A | AT11: =IF(IF(OR(AR11=0,AR11="N/A"),"MISSING",AR11)=IF(OR(AS11=0,AS11="N/A"),"MISSING",AS11),"YES","MANUAL_ASSESS") -> YES | AU11: 0 | AV11: N/A | AW11: =IF(IF(OR(AU11=0,AU11="N/A"),"MISSING",AU11)=IF(OR(AV11=0,AV11="N/A"),"MISSING",AV11),"YES","MANUAL_ASSESS") -> YES | AX11: 0 | AY11: N/A | AZ11: =IF(IF(OR(AX11=0,AX11="N/A"),"MISSING",AX11)=IF(OR(AY11=0,AY11="N/A"),"MISSING",AY11),"YES","MANUAL_ASSESS") -> YES | BA11: 0 | BB11: N/A | BC11: =IF(IF(OR(BA11=0,BA11="N/A"),"MISSING",BA11)=IF(OR(BB11=0,BB11="N/A"),"MISSING",BB11),"YES","MANUAL_ASSESS") -> YES | BD11: 0 | BE11: N/A | BF11: =IF(IF(OR(BD11=0,BD11="N/A"),"MISSING",BD11)=IF(OR(BE11=0,BE11="N/A"),"MISSING",BE11),"YES","MANUAL_ASSESS") -> YES | BG11: N/A | BH11: N/A | BI11: =IF(IF(OR(BG11=0,BG11="N/A"),"MISSING",BG11)=IF(OR(BH11=0,BH11="N/A"),"MISSING",BH11),"YES","MANUAL_ASSESS") -> YES | BJ11: 0 | BK11: N/A | BL11: =IF(IF(OR(BJ11=0,BJ11="N/A"),"MISSING",BJ11)=IF(OR(BK11=0,BK11="N/A"),"MISSING",BK11),"YES","MANUAL_ASSESS") -> YES | BM11: 0 | BN11: N/A | BO11: =IF(IF(OR(BM11=0,BM11="N/A"),"MISSING",BM11)=IF(OR(BN11=0,BN11="N/A"),"MISSING",BN11),"YES","MANUAL_ASSESS") -> YES | BP11: N/A | BQ11: N/A | BR11: =IF(IF(OR(BP11=0,BP11="N/A"),"MISSING",BP11)=IF(OR(BQ11=0,BQ11="N/A"),"MISSING",BQ11),"YES","MANUAL_ASSESS") -> YES | BS11: N/A | BT11: N/A | BU11: =IF(IF(OR(BS11=0,BS11="N/A"),"MISSING",BS11)=IF(OR(BT11=0,BT11="N/A"),"MISSING",BT11),"YES","MANUAL_ASSESS") -> YES | BV11: N/A | BW11: N/A | BX11: =IF(IF(OR(BV11=0,BV11="N/A"),"MISSING",BV11)=IF(OR(BW11=0,BW11="N/A"),"MISSING",BW11),"YES","MANUAL_ASSESS") -> YES | BY11: N/A | BZ11: N/A | CA11: =IF(IF(OR(BY11=0,BY11="N/A"),"MISSING",BY11)=IF(OR(BZ11=0,BZ11="N/A"),"MISSING",BZ11),"YES","MANUAL_ASSESS") -> YES | CB11: N/A | CC11: N/A | CD11: =IF(IF(OR(CB11=0,CB11="N/A"),"MISSING",CB11)=IF(OR(CC11=0,CC11="N/A"),"MISSING",CC11),"YES","MANUAL_ASSESS") -> YES | CE11: N/A | CF11: N/A | CG11: =IF(IF(OR(CE11=0,CE11="N/A"),"MISSING",CE11)=IF(OR(CF11=0,CF11="N/A"),"MISSING",CF11),"YES","MANUAL_ASSESS") -> YES
A12: vch_009 | B12: N/A | C12: N/A | D12: =IF(IF(OR(B12=0,B12="N/A"),"MISSING",B12)=IF(OR(C12=0,C12="N/A"),"MISSING",C12),"YES","MANUAL_ASSESS") -> YES | E12: 0 | F12: N/A | G12: =IF(IF(OR(E12=0,E12="N/A"),"MISSING",E12)=IF(OR(F12=0,F12="N/A"),"MISSING",F12),"YES","MANUAL_ASSESS") -> YES | H12: 0 | I12: N/A | J12: =IF(IF(OR(H12=0,H12="N/A"),"MISSING",H12)=IF(OR(I12=0,I12="N/A"),"MISSING",I12),"YES","MANUAL_ASSESS") -> YES | K12: 0 | L12: N/A | M12: =IF(IF(OR(K12=0,K12="N/A"),"MISSING",K12)=IF(OR(L12=0,L12="N/A"),"MISSING",L12),"YES","MANUAL_ASSESS") -> YES | N12: 0 | O12: N/A | P12: =IF(IF(OR(N12=0,N12="N/A"),"MISSING",N12)=IF(OR(O12=0,O12="N/A"),"MISSING",O12),"YES","MANUAL_ASSESS") -> YES | Q12: Asthma Treatment Plan & Use of Rescue Medications | R12: seek air conditioned spaces (e.g., mall) | S12: NO | T12: 0 | U12: N/A | V12: =IF(IF(OR(T12=0,T12="N/A"),"MISSING",T12)=IF(OR(U12=0,U12="N/A"),"MISSING",U12),"YES","MANUAL_ASSESS") -> YES | W12: 0 | X12: N/A | Y12: =IF(IF(OR(W12=0,W12="N/A"),"MISSING",W12)=IF(OR(X12=0,X12="N/A"),"MISSING",X12),"YES","MANUAL_ASSESS") -> YES | Z12: 0 | AA12: N/A | AB12: =IF(IF(OR(Z12=0,Z12="N/A"),"MISSING",Z12)=IF(OR(AA12=0,AA12="N/A"),"MISSING",AA12),"YES","MANUAL_ASSESS") -> YES | AC12: 0 | AD12: N/A | AE12: =IF(IF(OR(AC12=0,AC12="N/A"),"MISSING",AC12)=IF(OR(AD12=0,AD12="N/A"),"MISSING",AD12),"YES","MANUAL_ASSESS") -> YES | AF12: N/A | AG12: N/A | AH12: =IF(IF(OR(AF12=0,AF12="N/A"),"MISSING",AF12)=IF(OR(AG12=0,AG12="N/A"),"MISSING",AG12),"YES","MANUAL_ASSESS") -> YES | AI12: N/A | AJ12: N/A | AK12: =IF(IF(OR(AI12=0,AI12="N/A"),"MISSING",AI12)=IF(OR(AJ12=0,AJ12="N/A"),"MISSING",AJ12),"YES","MANUAL_ASSESS") -> YES | AL12: 0 | AM12: N/A | AN12: =IF(IF(OR(AL12=0,AL12="N/A"),"MISSING",AL12)=IF(OR(AM12=0,AM12="N/A"),"MISSING",AM12),"YES","MANUAL_ASSESS") -> YES | AO12: 0 | AP12: N/A | AQ12: =IF(IF(OR(AO12=0,AO12="N/A"),"MISSING",AO12)=IF(OR(AP12=0,AP12="N/A"),"MISSING",AP12),"YES","MANUAL_ASSESS") -> YES | AR12: 0 | AS12: N/A | AT12: =IF(IF(OR(AR12=0,AR12="N/A"),"MISSING",AR12)=IF(OR(AS12=0,AS12="N/A"),"MISSING",AS12),"YES","MANUAL_ASSESS") -> YES | AU12: 0 | AV12: N/A | AW12: =IF(IF(OR(AU12=0,AU12="N/A"),"MISSING",AU12)=IF(OR(AV12=0,AV12="N/A"),"MISSING",AV12),"YES","MANUAL_ASSESS") -> YES | AX12: 0 | AY12: N/A | AZ12: =IF(IF(OR(AX12=0,AX12="N/A"),"MISSING",AX12)=IF(OR(AY12=0,AY12="N/A"),"MISSING",AY12),"YES","MANUAL_ASSESS") -> YES | BA12: 0 | BB12: N/A | BC12: =IF(IF(OR(BA12=0,BA12="N/A"),"MISSING",BA12)=IF(OR(BB12=0,BB12="N/A"),"MISSING",BB12),"YES","MANUAL_ASSESS") -> YES | BD12: 0 | BE12: N/A | BF12: =IF(IF(OR(BD12=0,BD12="N/A"),"MISSING",BD12)=IF(OR(BE12=0,BE12="N/A"),"MISSING",BE12),"YES","MANUAL_ASSESS") -> YES | BG12: N/A | BH12: N/A | BI12: =IF(IF(OR(BG12=0,BG12="N/A"),"MISSING",BG12)=IF(OR(BH12=0,BH12="N/A"),"MISSING",BH12),"YES","MANUAL_ASSESS") -> YES | BJ12: 0 | BK12: N/A | BL12: =IF(IF(OR(BJ12=0,BJ12="N/A"),"MISSING",BJ12)=IF(OR(BK12=0,BK12="N/A"),"MISSING",BK12),"YES","MANUAL_ASSESS") -> YES | BM12: 0 | BN12: N/A | BO12: =IF(IF(OR(BM12=0,BM12="N/A"),"MISSING",BM12)=IF(OR(BN12=0,BN12="N/A"),"MISSING",BN12),"YES","MANUAL_ASSESS") -> YES | BP12: N/A | BQ12: N/A | BR12: =IF(IF(OR(BP12=0,BP12="N/A"),"MISSING",BP12)=IF(OR(BQ12=0,BQ12="N/A"),"MISSING",BQ12),"YES","MANUAL_ASSESS") -> YES | BS12: N/A | BT12: N/A | BU12: =IF(IF(OR(BS12=0,BS12="N/A"),"MISSING",BS12)=IF(OR(BT12=0,BT12="N/A"),"MISSING",BT12),"YES","MANUAL_ASSESS") -> YES | BV12: N/A | BW12: N/A | BX12: =IF(IF(OR(BV12=0,BV12="N/A"),"MISSING",BV12)=IF(OR(BW12=0,BW12="N/A"),"MISSING",BW12),"YES","MANUAL_ASSESS") -> YES | BY12: N/A | BZ12: N/A | CA12: =IF(IF(OR(BY12=0,BY12="N/A"),"MISSING",BY12)=IF(OR(BZ12=0,BZ12="N/A"),"MISSING",BZ12),"YES","MANUAL_ASSESS") -> YES | CB12: N/A | CC12: N/A | CD12: =IF(IF(OR(CB12=0,CB12="N/A"),"MISSING",CB12)=IF(OR(CC12=0,CC12="N/A"),"MISSING",CC12),"YES","MANUAL_ASSESS") -> YES | CE12: N/A | CF12: N/A | CG12: =IF(IF(OR(CE12=0,CE12="N/A"),"MISSING",CE12)=IF(OR(CF12=0,CF12="N/A"),"MISSING",CF12),"YES","MANUAL_ASSESS") -> YES
